x,y,U,V,urms,vrms,uv
0,0,2.6007e-15,-3.6929e-18,2.1401e-13,8.048e-16,-1.5779e-29
0,0.0024359,4.3227e-06,2.873e-06,0.037355,0.0021349,-2.8812e-05
0,0.0097319,1.2524e-05,2.1791e-05,0.051164,0.015701,-0.00030139
0,0.021852,4.7664e-05,8.4796e-05,0.059659,0.046238,-0.0011371
0,0.038738,0.00035658,8.2285e-05,0.23686,0.14373,-0.0065457
0,0.060307,0.20039,0.015565,1.3784,0.63214,-0.61749
0,0.086455,0.68908,0.024081,1.6527,0.79694,-1.0873
0,0.11705,0.93595,0.0067733,1.498,0.89662,-1.033
0,0.15195,1.0833,0.0024598,1.5205,0.88879,-1.1013
0,0.19098,1.2049,0.00063821,1.4938,0.87777,-0.94713
0,0.23396,1.2961,0.0027594,1.4374,0.86873,-0.97206
0,0.28066,1.3741,0.0010379,1.4168,0.83706,-0.84377
0,0.33087,1.4434,-0.0015971,1.3777,0.8291,-0.84263
0,0.38434,1.5151,-0.0025015,1.3275,0.80139,-0.76783
0,0.44081,1.5815,-0.0006011,1.2845,0.79031,-0.71933
0,0.5,1.6454,0.0017219,1.1807,0.74897,-0.61834
0,0.56163,1.7071,0.0016973,1.104,0.72479,-0.49644
0,0.62539,1.7621,0.0028846,1.0392,0.67924,-0.43762
0,0.69098,1.8188,0.0028715,0.96501,0.63655,-0.37746
0,0.75808,1.8711,0.00056094,0.87966,0.60223,-0.32394
0,0.82635,1.9161,-0.00048027,0.76426,0.57796,-0.23448
0,0.89547,1.9474,0.00090604,0.68213,0.5506,-0.13177
0,0.9651,1.9643,-0.0010664,0.64551,0.53771,-0.056608
0,1.0349,1.9652,-0.00099411,0.64403,0.53773,0.04602
0,1.1045,1.9496,0.00062942,0.67804,0.54808,0.12561
0,1.1736,1.9203,-0.00015365,0.75556,0.57497,0.2251
0,1.2419,1.8763,0.0002778,0.87008,0.59974,0.31847
0,1.309,1.8248,0.0025824,0.95218,0.63151,0.37455
0,1.3746,1.7673,0.002972,1.0331,0.67463,0.4317
0,1.4384,1.7135,0.002001,1.0953,0.71917,0.49441
0,1.5,1.6514,0.0016022,1.1802,0.746,0.60643
0,1.5592,1.588,0.00019446,1.2748,0.78359,0.70797
0,1.6157,1.522,-0.0019767,1.3232,0.8045,0.76456
0,1.6691,1.4502,-0.0019423,1.3745,0.82952,0.84919
0,1.7193,1.3816,0.00094199,1.4142,0.83305,0.8345
0,1.766,1.3043,0.0024173,1.4384,0.86864,0.96118
0,1.809,1.2152,0.00066782,1.4853,0.87911,0.94055
0,1.848,1.0973,0.0023331,1.5199,0.88442,1.0806
0,1.8829,0.95191,0.0062171,1.5057,0.89959,1.0409
0,1.9135,0.7227,0.021954,1.6435,0.80874,1.0822
0,1.9397,0.25445,0.018117,1.4444,0.66737,0.73179
0,1.9613,8.6755e-05,0.00029738,0.31373,0.16667,0.0081945
0,1.9781,6.7093e-05,7.9083e-05,0.061475,0.051164,0.0013141
0,1.9903,1.0709e-05,2.0157e-05,0.051615,0.017788,0.00034473
0,1.9976,2.4361e-06,2.9797e-06,0.04057,0.0029049,4.2781e-05
0,2,-3.9951e-06,-2.2726e-10,0.00067865,3.1844e-07,7.3318e-11
0.05,0,2.6406e-15,7.185e-18,2.141e-13,7.7627e-16,-2.3971e-30
0.05,0.0024359,8.5505e-05,-1.7801e-06,0.03535,0.0030144,-3.6342e-06
0.05,0.0097319,0.00010864,-1.0706e-05,0.048126,0.021989,-9.1906e-05
0.05,0.021852,2.5792e-05,-2.515e-05,0.059741,0.062125,-0.0015445
0.05,0.038738,0.0031937,0.0036878,0.30594,0.31864,-0.006066
0.05,0.060307,0.29969,-0.0071214,1.2492,0.68001,-0.76618
0.05,0.086455,0.67761,0.0063851,1.5696,0.83887,-1.1515
0.05,0.11705,0.93222,0.0045237,1.5456,0.90628,-1.0981
0.05,0.15195,1.0765,-0.0023479,1.5272,0.8927,-1.1061
0.05,0.19098,1.2023,-0.003742,1.4972,0.87866,-0.92231
0.05,0.23396,1.2941,-0.0027611,1.4269,0.85353,-0.84715
0.05,0.28066,1.3734,5.6076e-05,1.389,0.84713,-0.78801
0.05,0.33087,1.4433,-0.0030342,1.3674,0.82462,-0.78485
0.05,0.38434,1.5124,-0.0028167,1.3285,0.80001,-0.75694
0.05,0.44081,1.5814,-0.0029521,1.2651,0.79256,-0.67917
0.05,0.5,1.6428,0.0025917,1.1903,0.75249,-0.59434
0.05,0.56163,1.7109,0.0021124,1.0967,0.71327,-0.48085
0.05,0.62539,1.7649,0.0034581,1.053,0.65557,-0.39394
0.05,0.69098,1.8199,0.001167,0.96617,0.62333,-0.35098
0.05,0.75808,1.8701,0.00090622,0.87334,0.58551,-0.33521
0.05,0.82635,1.9153,0.0012807,0.76731,0.55816,-0.21783
0.05,0.89547,1.9459,0.0015052,0.67863,0.56086,-0.09976
0.05,0.9651,1.964,-0.00038241,0.64228,0.58455,-0.054832
0.05,1.0349,1.9646,-0.00037607,0.64279,0.58467,0.045279
0.05,1.1045,1.9481,0.0013589,0.67512,0.56345,0.091242
0.05,1.1736,1.9188,0.0013126,0.75807,0.55448,0.2085
0.05,1.2419,1.8741,0.0011141,0.86571,0.58157,0.32606
0.05,1.309,1.8249,0.00095063,0.95803,0.62296,0.34712
0.05,1.3746,1.7701,0.0035905,1.0484,0.65243,0.39203
0.05,1.4384,1.7162,0.0024774,1.0905,0.70709,0.46073
0.05,1.5,1.6487,0.0030341,1.1828,0.74871,0.588
0.05,1.5592,1.5876,-0.0025446,1.2596,0.78761,0.66251
0.05,1.6157,1.5198,-0.002587,1.3225,0.80025,0.75829
0.05,1.6691,1.4486,-0.0036241,1.3667,0.82055,0.77941
0.05,1.7193,1.3811,0.0001288,1.3899,0.8431,0.78885
0.05,1.766,1.3027,-0.0023803,1.4115,0.85202,0.83923
0.05,1.809,1.2131,-0.0038159,1.4915,0.87727,0.90951
0.05,1.848,1.0904,-0.0025497,1.5259,0.89191,1.0906
0.05,1.8829,0.9493,0.0041467,1.5347,0.9102,1.101
0.05,1.9135,0.70889,0.0065817,1.5805,0.84822,1.1499
0.05,1.9397,0.34546,-0.0055169,1.2966,0.71546,0.84047
0.05,1.9613,0.0064897,0.011114,0.39404,0.39539,0.020925
0.05,1.9781,2.2251e-05,-9.1036e-05,0.063335,0.068001,0.0019974
0.05,1.9903,0.00010836,-2.4699e-05,0.048564,0.024834,0.00012389
0.05,1.9976,9.8957e-05,-5.2035e-06,0.038397,0.0040896,6.0767e-06
0.05,2,1.0437e-06,1.4998e-09,0.00064258,4.5367e-07,4.1103e-12
0.1,0,2.6604e-15,-8.3444e-19,2.1393e-13,7.9849e-16,-5.4137e-30
0.1,0.0024359,0.00033573,-4.9627e-06,0.03585,0.001905,-2.1444e-05
0.1,0.0097319,0.00047604,-3.8916e-05,0.049285,0.013825,-0.00021367
0.1,0.021852,0.00055699,-8.4451e-05,0.057455,0.037824,-0.00051249
0.1,0.038738,0.00084258,-0.00027401,0.22574,0.092588,-0.00086991
0.1,0.060307,0.18023,-0.04738,1.4336,0.53865,-0.81013
0.1,0.086455,0.69438,-0.0067487,1.5418,0.81073,-1.1099
0.1,0.11705,0.92931,-0.001,1.574,0.872,-1.0503
0.1,0.15195,1.0721,-0.0038382,1.4941,0.88553,-1.0042
0.1,0.19098,1.1942,-0.0067608,1.4923,0.88432,-0.85031
0.1,0.23396,1.2978,-0.0040894,1.4333,0.86211,-0.75102
0.1,0.28066,1.3727,-0.0012571,1.3971,0.81351,-0.72935
0.1,0.33087,1.4434,-0.0032798,1.3542,0.80953,-0.73791
0.1,0.38434,1.5156,0.00042092,1.3266,0.80697,-0.74868
0.1,0.44081,1.5812,0.0020462,1.2592,0.81258,-0.68503
0.1,0.5,1.6447,0.0034897,1.177,0.76804,-0.63989
0.1,0.56163,1.7092,0.0039546,1.0625,0.69496,-0.45844
0.1,0.62539,1.7659,0.0033162,1.046,0.64828,-0.35151
0.1,0.69098,1.818,0.0012979,0.97156,0.60499,-0.36485
0.1,0.75808,1.8695,-0.0011869,0.87434,0.59468,-0.33488
0.1,0.82635,1.9133,0.0010927,0.75691,0.55405,-0.20933
0.1,0.89547,1.9446,0.0012496,0.6843,0.55314,-0.1277
0.1,0.9651,1.9608,-0.0012934,0.6481,0.56347,-0.052034
0.1,1.0349,1.9618,-0.0010878,0.64965,0.56437,0.047168
0.1,1.1045,1.947,0.00099598,0.6824,0.55612,0.11696
0.1,1.1736,1.9173,0.00094581,0.75209,0.55318,0.20275
0.1,1.2419,1.8742,-0.0013719,0.86351,0.59198,0.32837
0.1,1.309,1.8235,0.00089031,0.9604,0.60364,0.36225
0.1,1.3746,1.7714,0.0029895,1.0421,0.6436,0.3439
0.1,1.4384,1.7158,0.003898,1.0554,0.69119,0.45834
0.1,1.5,1.6509,0.0036579,1.1665,0.75936,0.61319
0.1,1.5592,1.587,0.0020262,1.2537,0.81046,0.68862
0.1,1.6157,1.5219,0.00083417,1.3207,0.80602,0.74706
0.1,1.6691,1.45,-0.0035487,1.3515,0.80859,0.74386
0.1,1.7193,1.3789,-0.001047,1.3941,0.81136,0.71944
0.1,1.766,1.3056,-0.0042562,1.4223,0.85415,0.74382
0.1,1.809,1.2053,-0.0063543,1.4855,0.88357,0.83996
0.1,1.848,1.0846,-0.0041423,1.4892,0.88363,0.98618
0.1,1.8829,0.94634,-0.0013799,1.5718,0.87563,1.0353
0.1,1.9135,0.72249,-0.0042639,1.5477,0.8256,1.1467
0.1,1.9397,0.25235,-0.046881,1.5332,0.59682,0.96082
0.1,1.9613,0.00082741,-0.00013168,0.2991,0.10209,0.00029752
0.1,1.9781,0.00058017,-8.3929e-05,0.059139,0.04137,0.00052181
0.1,1.9903,0.00047081,-3.9105e-05,0.049785,0.015642,0.00023641
0.1,1.9976,0.0003562,-5.2429e-06,0.038967,0.0025986,3.1698e-05
0.1,2,6.5689e-06,-3.155e-10,0.00064697,2.823e-07,5.3541e-11
0.15,0,2.651e-15,8.97e-20,2.139e-13,7.996e-16,9.6553e-31
0.15,0.0024359,0.00029717,-1.4339e-05,0.035074,0.0016967,1.4974e-05
0.15,0.0097319,0.00040959,-0.00010538,0.048034,0.0124,0.00015571
0.15,0.021852,0.00045514,-0.00023807,0.05628,0.035058,0.00064111
0.15,0.038738,0.00063428,-0.00057564,0.231,0.097345,0.0034717
0.15,0.060307,0.15899,0.011352,1.6052,0.49328,-0.48293
0.15,0.086455,0.6866,-0.0061011,1.5951,0.76853,-1.023
0.15,0.11705,0.93039,-0.0052824,1.5633,0.86511,-1.0834
0.15,0.15195,1.0725,-0.0026436,1.5378,0.87804,-1.013
0.15,0.19098,1.1901,0.0018298,1.5191,0.85691,-0.90575
0.15,0.23396,1.2947,0.0028703,1.4433,0.84887,-0.81654
0.15,0.28066,1.3734,-0.0041657,1.3953,0.84615,-0.80093
0.15,0.33087,1.4413,-0.003491,1.3763,0.82639,-0.76282
0.15,0.38434,1.5167,0.00071407,1.3121,0.7939,-0.67947
0.15,0.44081,1.585,0.004048,1.2492,0.78777,-0.62973
0.15,0.5,1.6439,0.0025484,1.1498,0.7511,-0.56623
0.15,0.56163,1.7073,-4.7832e-05,1.0649,0.72571,-0.46019
0.15,0.62539,1.7656,-0.0038474,1.0222,0.6842,-0.42934
0.15,0.69098,1.819,-0.0027533,0.96114,0.62404,-0.38566
0.15,0.75808,1.8682,-0.0023184,0.85301,0.59947,-0.30959
0.15,0.82635,1.9127,-0.0018053,0.74546,0.58173,-0.24118
0.15,0.89547,1.9446,-0.00086314,0.69449,0.53797,-0.13308
0.15,0.9651,1.9596,-0.0011768,0.65809,0.51931,-0.036965
0.15,1.0349,1.9614,-0.0012192,0.65672,0.51945,0.030558
0.15,1.1045,1.947,-0.0010373,0.69261,0.53497,0.12184
0.15,1.1736,1.9176,-0.0015366,0.73363,0.57783,0.2263
0.15,1.2419,1.8733,-0.0025134,0.84539,0.59807,0.30358
0.15,1.309,1.8243,-0.00231,0.9558,0.62081,0.38223
0.15,1.3746,1.7716,-0.0045232,1.0183,0.68122,0.4215
0.15,1.4384,1.7146,-0.00041362,1.0558,0.72235,0.45814
0.15,1.5,1.6511,0.0024016,1.1412,0.74358,0.54626
0.15,1.5592,1.5915,0.0039321,1.2449,0.78419,0.63039
0.15,1.6157,1.5232,0.0010707,1.306,0.79315,0.67405
0.15,1.6691,1.4493,-0.0032242,1.3726,0.82376,0.75669
0.15,1.7193,1.3801,-0.0042813,1.3977,0.84465,0.804
0.15,1.766,1.3031,0.0020181,1.4347,0.84862,0.81524
0.15,1.809,1.2018,0.0018797,1.5139,0.85732,0.8808
0.15,1.848,1.0854,-0.0023671,1.5311,0.87555,1.0099
0.15,1.8829,0.94804,-0.0061273,1.5603,0.86802,1.088
0.15,1.9135,0.71487,-0.0057312,1.5936,0.78964,1.0401
0.15,1.9397,0.23523,0.017363,1.6702,0.52384,0.57726
0.15,1.9613,0.00062291,-0.00044949,0.3052,0.1106,-0.0048389
0.15,1.9781,0.00046263,-0.00022573,0.057919,0.038485,-0.00074228
0.15,1.9903,0.00040517,-0.00010314,0.048453,0.01402,-0.00017945
0.15,1.9976,0.00032172,-1.5025e-05,0.038082,0.0023068,-2.1959e-05
0.15,2,7.2207e-06,-3.289e-09,0.00063851,2.5389e-07,-4.4242e-11
0.2,0,2.618e-15,8.3455e-18,2.1409e-13,7.8462e-16,7.1239e-30
0.2,0.0024359,0.00012869,-1.2629e-05,0.031465,0.0016902,-6.8579e-07
0.2,0.0097319,0.00016907,-0.00010112,0.042825,0.012319,-1.4992e-06
0.2,0.021852,0.00016637,-0.00020777,0.049052,0.033583,9.0136e-05
0.2,0.038738,-4.3501e-05,-0.0004994,0.2263,0.078778,0.00067954
0.2,0.060307,0.056166,0.01477,1.7193,0.40479,0.038765
0.2,0.086455,0.72426,0.0019069,1.5081,0.74763,-0.81063
0.2,0.11705,0.94001,0.0032416,1.5072,0.88893,-0.97436
0.2,0.15195,1.0744,-5.9968e-05,1.5456,0.90138,-1.0708
0.2,0.19098,1.1906,0.0041084,1.5236,0.85612,-0.88971
0.2,0.23396,1.2949,0.0045264,1.445,0.82065,-0.8393
0.2,0.28066,1.3704,0.00022415,1.4206,0.83536,-0.87617
0.2,0.33087,1.4434,-0.0011274,1.3994,0.82664,-0.79782
0.2,0.38434,1.5104,0.001011,1.324,0.7996,-0.69305
0.2,0.44081,1.5794,0.0038201,1.2567,0.73682,-0.60427
0.2,0.5,1.6413,0.00053982,1.1497,0.72685,-0.54636
0.2,0.56163,1.7011,-0.0012231,1.0816,0.71995,-0.54072
0.2,0.62539,1.7645,-0.0044497,1.011,0.67934,-0.42327
0.2,0.69098,1.8198,-0.0028927,0.9523,0.63209,-0.37758
0.2,0.75808,1.8678,-0.0033823,0.85915,0.616,-0.30572
0.2,0.82635,1.9092,-0.0029564,0.75841,0.5778,-0.24053
0.2,0.89547,1.9457,-0.00061631,0.68501,0.52303,-0.12045
0.2,0.9651,1.9587,9.5215e-05,0.65947,0.52735,-0.039672
0.2,1.0349,1.9607,0.00025408,0.66146,0.52867,0.031608
0.2,1.1045,1.9495,-0.00065359,0.68083,0.52057,0.10951
0.2,1.1736,1.9153,-0.0028349,0.74736,0.57372,0.23395
0.2,1.2419,1.8735,-0.0035225,0.84916,0.61183,0.30071
0.2,1.309,1.8264,-0.0025757,0.94485,0.63181,0.37539
0.2,1.3746,1.7717,-0.0044039,1.0074,0.67314,0.42239
0.2,1.4384,1.7088,-0.0018389,1.0734,0.72009,0.53221
0.2,1.5,1.6492,0.00057937,1.1391,0.72797,0.54501
0.2,1.5592,1.5875,0.0038407,1.245,0.73634,0.60202
0.2,1.6157,1.5183,0.00099747,1.3166,0.79387,0.68117
0.2,1.6691,1.4516,-0.00051772,1.3923,0.82036,0.78615
0.2,1.7193,1.3798,-0.0012118,1.4116,0.83883,0.87675
0.2,1.766,1.3037,0.0043685,1.4409,0.82123,0.8269
0.2,1.809,1.2034,0.004529,1.5144,0.85402,0.87647
0.2,1.848,1.0863,0.00088213,1.5357,0.90127,1.0461
0.2,1.8829,0.95668,0.002744,1.5119,0.8939,0.97473
0.2,1.9135,0.75225,0.0010508,1.5137,0.77763,0.85278
0.2,1.9397,0.14334,0.02786,1.6736,0.45939,-0.012416
0.2,1.9613,0.00022709,-0.00051825,0.29893,0.086728,-0.0010306
0.2,1.9781,0.00018027,-0.0002777,0.050064,0.036696,-0.00010851
0.2,1.9903,0.00017406,-0.00013351,0.043052,0.013943,1.067e-06
0.2,1.9976,0.00014539,-2.1751e-05,0.034134,0.002309,1.0811e-06
0.2,2,6.4334e-06,-2.2082e-09,0.00057554,2.5003e-07,-2.8361e-12
0.25,0,2.5822e-15,1.6743e-19,2.143e-13,7.7121e-16,1.3273e-29
0.25,0.0024359,-0.0001504,-2.0056e-05,0.039114,0.0020402,-1.4122e-05
0.25,0.0097319,-0.00019084,-0.00014895,0.053182,0.014729,-0.00013815
0.25,0.021852,-0.00010954,-0.00029148,0.060004,0.039884,-0.00018778
0.25,0.038738,0.00015012,-0.0007363,0.22946,0.090677,-0.0014163
0.25,0.060307,0.080297,0.0030064,1.7409,0.46806,-0.30322
0.25,0.086455,0.72577,0.041252,1.6105,0.75957,-0.86184
0.25,0.11705,0.93804,0.022223,1.5122,0.87439,-0.97618
0.25,0.15195,1.0777,0.0083505,1.5411,0.88896,-1.0119
0.25,0.19098,1.1888,0.0086155,1.5253,0.89614,-0.98678
0.25,0.23396,1.2917,0.0075388,1.4845,0.85059,-0.88716
0.25,0.28066,1.3691,0.0047486,1.4262,0.83489,-0.86564
0.25,0.33087,1.444,-0.0024232,1.4017,0.84919,-0.94962
0.25,0.38434,1.5038,-0.0029086,1.3509,0.81349,-0.76091
0.25,0.44081,1.5761,0.00099038,1.244,0.74588,-0.61022
0.25,0.5,1.6422,-0.00090438,1.1422,0.72081,-0.57618
0.25,0.56163,1.7027,-0.0042197,1.0664,0.7206,-0.54599
0.25,0.62539,1.7644,-0.0042262,0.99088,0.67906,-0.45349
0.25,0.69098,1.8206,-0.0031212,0.94306,0.63113,-0.36419
0.25,0.75808,1.8677,-0.0038709,0.84661,0.59823,-0.28882
0.25,0.82635,1.9101,-0.0036251,0.76594,0.56078,-0.22415
0.25,0.89547,1.9468,-0.0028157,0.6845,0.52714,-0.12972
0.25,0.9651,1.9581,-0.00044363,0.6642,0.52358,-0.054813
0.25,1.0349,1.9592,-0.0002285,0.66133,0.52288,0.043977
0.25,1.1045,1.9495,-0.0028605,0.68139,0.52319,0.12231
0.25,1.1736,1.9144,-0.0034776,0.75807,0.55633,0.21441
0.25,1.2419,1.8727,-0.0041468,0.8395,0.59546,0.28112
0.25,1.309,1.8264,-0.0031368,0.93559,0.62507,0.35088
0.25,1.3746,1.7708,-0.0044962,0.98596,0.67563,0.438
0.25,1.4384,1.7086,-0.0039179,1.0616,0.71895,0.54074
0.25,1.5,1.6494,-0.00096769,1.1351,0.71755,0.5654
0.25,1.5592,1.5828,0.0012677,1.2355,0.74133,0.59733
0.25,1.6157,1.5105,-0.0023477,1.3421,0.80683,0.73847
0.25,1.6691,1.4504,-0.0030743,1.3953,0.84826,0.93684
0.25,1.7193,1.377,0.0048472,1.422,0.83388,0.86827
0.25,1.766,1.2996,0.0070926,1.4753,0.85027,0.88483
0.25,1.809,1.1992,0.0094833,1.5186,0.88951,0.95457
0.25,1.848,1.0902,0.0080465,1.5383,0.89216,1.0146
0.25,1.8829,0.953,0.020648,1.5136,0.87693,0.98632
0.25,1.9135,0.75626,0.039297,1.5869,0.77623,0.87467
0.25,1.9397,0.15385,0.012883,1.7735,0.52624,0.38368
0.25,1.9613,7.0838e-05,-0.00073109,0.3031,0.099764,0.0018982
0.25,1.9781,-0.00011844,-0.00035134,0.061339,0.043295,0.00018579
0.25,1.9903,-0.00019362,-0.00017718,0.053522,0.016622,0.00015687
0.25,1.9976,-0.00016475,-2.8565e-05,0.042483,0.0027747,2.1501e-05
0.25,2,-3.1201e-06,-5.4441e-09,0.00070988,3.0605e-07,2.9905e-11
0.3,0,2.5794e-15,-2.973e-18,2.1425e-13,7.912e-16,3.7751e-30
0.3,0.0024359,-0.00076761,-1.3346e-05,0.063955,0.0031768,-0.00012374
0.3,0.0097319,-0.0010484,-0.00012369,0.089703,0.02404,-0.0013142
0.3,0.021852,-0.001146,-0.00013236,0.11432,0.08073,-0.0048584
0.3,0.038738,-0.027809,-0.020143,0.60096,0.43711,-0.24081
0.3,0.060307,0.30948,0.037075,1.459,0.81321,-1.1169
0.3,0.086455,0.70972,0.056157,1.6522,0.86882,-1.0153
0.3,0.11705,0.93668,0.035118,1.5536,0.87951,-0.95705
0.3,0.15195,1.0711,0.01692,1.563,0.89766,-1.0972
0.3,0.19098,1.1864,0.0062037,1.5478,0.9038,-1.0808
0.3,0.23396,1.2867,0.0012441,1.5158,0.85008,-0.98662
0.3,0.28066,1.3705,0.0014457,1.4419,0.84899,-0.84833
0.3,0.33087,1.4406,0.00017173,1.3921,0.84068,-0.90033
0.3,0.38434,1.5044,-0.0037866,1.3199,0.80531,-0.76396
0.3,0.44081,1.5734,-0.0042134,1.2573,0.7863,-0.7079
0.3,0.5,1.6383,-0.0017057,1.1603,0.74423,-0.64638
0.3,0.56163,1.7035,-0.0042153,1.0655,0.72996,-0.55237
0.3,0.62539,1.7645,-0.0078113,0.97154,0.69284,-0.47012
0.3,0.69098,1.821,-0.0038893,0.9227,0.63749,-0.36317
0.3,0.75808,1.8669,-0.0033357,0.86475,0.60288,-0.31956
0.3,0.82635,1.9129,-0.0023952,0.75946,0.57188,-0.2001
0.3,0.89547,1.9448,-0.00031071,0.69839,0.5361,-0.14883
0.3,0.9651,1.9592,-0.00078111,0.64567,0.50491,-0.044688
0.3,1.0349,1.9596,-0.0007151,0.64105,0.50295,0.033746
0.3,1.1045,1.947,-0.00047615,0.69394,0.53549,0.13818
0.3,1.1736,1.9161,-0.002348,0.75484,0.56835,0.19431
0.3,1.2419,1.8716,-0.0033368,0.85574,0.6007,0.31005
0.3,1.309,1.8253,-0.0039491,0.91739,0.63443,0.3571
0.3,1.3746,1.7714,-0.0081277,0.96101,0.68703,0.4529
0.3,1.4384,1.7095,-0.004242,1.0582,0.72833,0.54598
0.3,1.5,1.6448,-0.0017798,1.1508,0.73892,0.63779
0.3,1.5592,1.5801,-0.0042294,1.249,0.78358,0.70569
0.3,1.6157,1.5105,-0.0041952,1.3136,0.80314,0.75687
0.3,1.6691,1.4463,-0.00060789,1.387,0.83902,0.89392
0.3,1.7193,1.3786,0.0011747,1.4378,0.84963,0.85698
0.3,1.766,1.2954,0.00050006,1.507,0.8517,0.97607
0.3,1.809,1.1976,0.0054056,1.5436,0.89409,1.0692
0.3,1.848,1.0831,0.014965,1.5617,0.9039,1.1135
0.3,1.8829,0.95373,0.032419,1.5574,0.88153,0.96189
0.3,1.9135,0.73859,0.053901,1.6382,0.86677,0.99002
0.3,1.9397,0.35776,0.042823,1.54,0.83082,1.1798
0.3,1.9613,-0.021614,-0.023624,0.68743,0.50305,0.31072
0.3,1.9781,-0.0013318,-0.00029297,0.11931,0.089137,0.0052335
0.3,1.9903,-0.0010725,-0.00014123,0.091178,0.026899,0.0014847
0.3,1.9976,-0.00082413,-1.3968e-05,0.069471,0.0043198,0.00018233
0.3,2,-2.6396e-05,-3.6342e-09,0.0011704,4.7672e-07,3.3661e-10
0.35,0,2.5493e-15,-4.6182e-18,2.1419e-13,7.9089e-16,1.1627e-29
0.35,0.0024359,-0.0003732,1.9724e-05,0.066345,0.0054012,-0.0001988
0.35,0.0097319,-0.00058483,0.00013594,0.095953,0.039073,-0.0020487
0.35,0.021852,-0.0009111,0.0007495,0.14547,0.1218,-0.0077094
0.35,0.038738,-0.0030775,0.0057343,0.57777,0.42655,-0.10555
0.35,0.060307,0.38245,0.030888,1.5114,0.84029,-1.3225
0.35,0.086455,0.68435,0.046417,1.7153,0.85881,-1.035
0.35,0.11705,0.91706,0.024798,1.5984,0.84424,-0.93101
0.35,0.15195,1.0636,0.013148,1.6111,0.88179,-0.99178
0.35,0.19098,1.1853,0.0069296,1.5285,0.87503,-1.0352
0.35,0.23396,1.2864,0.0028866,1.499,0.8761,-1.0159
0.35,0.28066,1.3678,0.00083556,1.4479,0.82717,-0.86806
0.35,0.33087,1.4337,-0.0028219,1.3853,0.80561,-0.81628
0.35,0.38434,1.5057,-0.0040424,1.3116,0.80609,-0.76642
0.35,0.44081,1.5727,-0.0058358,1.2642,0.78889,-0.71581
0.35,0.5,1.6396,-0.0023214,1.1547,0.78266,-0.63134
0.35,0.56163,1.7034,-0.0012584,1.0752,0.7106,-0.49243
0.35,0.62539,1.7643,-0.001287,0.98308,0.68538,-0.42819
0.35,0.69098,1.8211,-0.0015438,0.92878,0.66328,-0.39733
0.35,0.75808,1.8684,-0.0040777,0.85954,0.62396,-0.34558
0.35,0.82635,1.9152,-0.0029371,0.76048,0.5803,-0.21204
0.35,0.89547,1.942,-0.0017223,0.70647,0.55213,-0.13465
0.35,0.9651,1.9606,-9.5831e-05,0.64356,0.5218,-0.042434
0.35,1.0349,1.9616,-0.00019525,0.63931,0.52162,0.035929
0.35,1.1045,1.9447,-0.0015395,0.70051,0.54869,0.12477
0.35,1.1736,1.9192,-0.0028181,0.75617,0.57901,0.21058
0.35,1.2419,1.8739,-0.0037086,0.84331,0.61652,0.32509
0.35,1.309,1.8254,-0.0019491,0.92735,0.66223,0.40093
0.35,1.3746,1.7714,-0.00087139,0.97279,0.68495,0.41895
0.35,1.4384,1.7097,-0.0015164,1.0645,0.70736,0.49173
0.35,1.5,1.6464,-0.0017925,1.147,0.77917,0.61915
0.35,1.5592,1.5801,-0.0059897,1.2569,0.78678,0.71842
0.35,1.6157,1.5131,-0.0038648,1.3026,0.80738,0.75407
0.35,1.6691,1.4405,-0.0029345,1.3816,0.80481,0.81522
0.35,1.7193,1.3745,0.00044459,1.4438,0.82391,0.86391
0.35,1.766,1.2952,0.0032372,1.494,0.87227,1.0067
0.35,1.809,1.196,0.0066312,1.5276,0.87662,1.0225
0.35,1.848,1.0761,0.01255,1.609,0.87976,1.0151
0.35,1.8829,0.93486,0.02305,1.5967,0.84659,0.9424
0.35,1.9135,0.71164,0.044998,1.7147,0.85797,1.0043
0.35,1.9397,0.41603,0.035162,1.543,0.85507,1.3596
0.35,1.9613,0.0069672,0.004493,0.72268,0.46604,0.1719
0.35,1.9781,-0.0012356,0.00095632,0.15611,0.13245,0.0093944
0.35,1.9903,-0.00061292,0.00013765,0.098191,0.044163,0.0023905
0.35,1.9976,-0.00041145,2.3446e-05,0.072125,0.0073416,0.00029522
0.35,2,-1.5627e-05,3.263e-09,0.0012097,8.0954e-07,5.1829e-10
0.4,0,2.5502e-15,4.3517e-18,2.1405e-13,7.943e-16,-5.5475e-30
0.4,0.0024359,-0.00024204,2.3143e-06,0.063683,0.0043766,8.596e-05
0.4,0.0097319,-0.00039439,2.5314e-05,0.089762,0.032561,0.0010645
0.4,0.021852,-0.00036402,-0.00019329,0.13497,0.10909,0.0059747
0.4,0.038738,0.10332,0.0022769,0.93904,0.51566,-0.40686
0.4,0.060307,0.44136,0.01151,1.6578,0.83191,-1.143
0.4,0.086455,0.6842,0.026779,1.7072,0.87601,-1.2715
0.4,0.11705,0.89375,0.015973,1.6468,0.85186,-1.0054
0.4,0.15195,1.055,0.0050292,1.5869,0.87411,-0.96411
0.4,0.19098,1.1846,0.0013088,1.5638,0.87642,-1.0159
0.4,0.23396,1.281,0.00037996,1.4969,0.85287,-0.9798
0.4,0.28066,1.3671,0.0016678,1.4301,0.81832,-0.87234
0.4,0.33087,1.435,-0.0030479,1.3844,0.79752,-0.83189
0.4,0.38434,1.5003,-0.0030437,1.3201,0.80108,-0.74593
0.4,0.44081,1.5723,-0.0055302,1.2669,0.79796,-0.75417
0.4,0.5,1.6394,-0.0027391,1.1637,0.77474,-0.63787
0.4,0.56163,1.7018,-0.0025691,1.0849,0.73096,-0.51001
0.4,0.62539,1.7658,-0.0016878,1.0099,0.69704,-0.447
0.4,0.69098,1.821,-0.0019121,0.94964,0.65356,-0.41094
0.4,0.75808,1.871,0.00035,0.83434,0.59937,-0.31036
0.4,0.82635,1.9156,-0.0010916,0.75501,0.58438,-0.2191
0.4,0.89547,1.9433,0.0003741,0.70903,0.52907,-0.12447
0.4,0.9651,1.96,-0.00011029,0.66705,0.52736,-0.049806
0.4,1.0349,1.9609,-6.9043e-05,0.65953,0.52563,0.041548
0.4,1.1045,1.9456,0.00056298,0.704,0.52633,0.11858
0.4,1.1736,1.9198,-0.0012279,0.74667,0.58013,0.20462
0.4,1.2419,1.8765,0.0004547,0.81908,0.59368,0.29663
0.4,1.309,1.8257,-0.0016388,0.9459,0.6485,0.41232
0.4,1.3746,1.7717,-0.0019909,0.99873,0.696,0.43959
0.4,1.4384,1.7081,-0.0027175,1.0734,0.72544,0.50305
0.4,1.5,1.6456,-0.0026593,1.1539,0.77022,0.61836
0.4,1.5592,1.5797,-0.0050591,1.2534,0.79544,0.73607
0.4,1.6157,1.5071,-0.0031608,1.3145,0.80202,0.74049
0.4,1.6691,1.441,-0.0029782,1.3802,0.79394,0.82688
0.4,1.7193,1.3743,0.0012854,1.421,0.82065,0.87053
0.4,1.766,1.29,2.0933e-05,1.4847,0.84999,0.97234
0.4,1.809,1.1948,0.0020516,1.5665,0.87292,1.0093
0.4,1.848,1.0678,0.003775,1.588,0.87847,0.98242
0.4,1.8829,0.91154,0.014873,1.6331,0.8453,0.97701
0.4,1.9135,0.70741,0.026451,1.7138,0.87779,1.2486
0.4,1.9397,0.4659,0.012501,1.6247,0.84693,1.1882
0.4,1.9613,0.1415,0.0044836,1.1199,0.55179,0.51094
0.4,1.9781,-0.00020665,-9.7492e-05,0.15517,0.13165,-0.0030204
0.4,1.9903,-0.00041171,1.6442e-05,0.091419,0.036963,-0.0012828
0.4,1.9976,-0.00026467,1.1028e-06,0.069181,0.005954,-0.00012532
0.4,2,-9.1868e-06,-3.5378e-10,0.0011609,6.515e-07,-2.5538e-10
0.45,0,2.5693e-15,-4.3182e-18,2.1384e-13,7.8468e-16,-4.205e-30
0.45,0.0024359,0.00022327,3.6843e-05,0.064761,0.0060519,0.00027008
0.45,0.0097319,0.00027786,0.00025282,0.094077,0.04596,0.00321
0.45,0.021852,-0.0098403,-0.0038356,0.31214,0.21509,-0.043253
0.45,0.038738,0.15084,-0.002529,1.2662,0.47224,-0.38803
0.45,0.060307,0.44521,-0.015066,1.6204,0.80128,-0.90793
0.45,0.086455,0.68152,-0.015226,1.6478,0.91667,-1.3062
0.45,0.11705,0.8906,-0.0047804,1.6548,0.87481,-1.0989
0.45,0.15195,1.0551,-0.0022952,1.6124,0.88042,-1.1027
0.45,0.19098,1.1822,-0.0026869,1.605,0.88641,-1.1194
0.45,0.23396,1.2834,-0.00326,1.5239,0.84295,-0.95233
0.45,0.28066,1.3674,-0.00141,1.4121,0.81938,-0.81399
0.45,0.33087,1.4373,-0.0065451,1.3792,0.82329,-0.79649
0.45,0.38434,1.5013,-0.0074762,1.3158,0.8318,-0.80631
0.45,0.44081,1.574,-0.0042351,1.2776,0.78893,-0.74287
0.45,0.5,1.6392,-0.0052575,1.1643,0.76616,-0.65789
0.45,0.56163,1.7012,-0.0019629,1.0868,0.70385,-0.51613
0.45,0.62539,1.7632,0.0016187,1.0193,0.69135,-0.48981
0.45,0.69098,1.8214,0.00078972,0.95602,0.65579,-0.39715
0.45,0.75808,1.8706,0.0012425,0.84106,0.59278,-0.29675
0.45,0.82635,1.9158,0.00014656,0.75284,0.56108,-0.21733
0.45,0.89547,1.9446,0.00094072,0.70918,0.53864,-0.13194
0.45,0.9651,1.9584,0.0003694,0.69506,0.5172,-0.068394
0.45,1.0349,1.9591,0.00026903,0.68908,0.51475,0.056709
0.45,1.1045,1.9465,0.0009958,0.70874,0.53616,0.12647
0.45,1.1736,1.9198,0.00025228,0.74464,0.56107,0.20934
0.45,1.2419,1.8757,0.00131,0.82996,0.58802,0.28438
0.45,1.309,1.8263,0.00079603,0.94995,0.65367,0.38586
0.45,1.3746,1.7691,0.0018902,1.0093,0.68809,0.47562
0.45,1.4384,1.7072,-0.0015977,1.0831,0.70201,0.51513
0.45,1.5,1.6451,-0.0050588,1.1546,0.76308,0.64925
0.45,1.5592,1.5806,-0.0038185,1.2663,0.78097,0.72975
0.45,1.6157,1.5076,-0.0074385,1.3176,0.83486,0.81265
0.45,1.6691,1.4438,-0.0066923,1.375,0.82557,0.80429
0.45,1.7193,1.3749,-0.0020527,1.4078,0.82063,0.8082
0.45,1.766,1.2927,-0.0023299,1.5128,0.83841,0.9286
0.45,1.809,1.193,-0.0033025,1.6004,0.88457,1.1272
0.45,1.848,1.0681,-0.0022886,1.6065,0.88278,1.1156
0.45,1.8829,0.91034,-0.0042741,1.6499,0.87277,1.0818
0.45,1.9135,0.70343,-0.01393,1.663,0.91458,1.2861
0.45,1.9397,0.47064,-0.015459,1.5859,0.82324,0.96685
0.45,1.9613,0.1818,-0.0049707,1.3845,0.50322,0.42581
0.45,1.9781,-0.013463,-0.0047666,0.34526,0.24664,0.064062
0.45,1.9903,0.0002851,0.00026858,0.096962,0.052669,-0.0038509
0.45,1.9976,0.00024456,4.5535e-05,0.070347,0.0082239,-0.00039701
0.45,2,-6.7833e-07,1.1816e-08,0.0011836,9.1513e-07,-7.8246e-10
0.5,0,2.6032e-15,-8.6768e-18,2.1368e-13,8.1426e-16,1.4826e-30
0.5,0.0024359,-4.8975e-05,-2.2399e-05,0.048876,0.0048357,-3.1071e-05
0.5,0.0097319,-0.00010135,-0.00017123,0.066291,0.036134,-0.00022585
0.5,0.021852,-0.00018356,-0.00065611,0.076807,0.12778,-0.0013457
0.5,0.038738,0.040827,-0.022045,0.80255,0.35054,-0.19843
0.5,0.060307,0.4096,-0.10598,1.5011,0.90087,-0.1282
0.5,0.086455,0.70348,-0.057766,1.5378,0.94791,-1.1558
0.5,0.11705,0.89612,-0.024707,1.6573,0.91214,-1.3464
0.5,0.15195,1.0562,-0.012154,1.6527,0.85368,-1.2097
0.5,0.19098,1.1846,-0.0050579,1.5646,0.88225,-1.122
0.5,0.23396,1.2853,-0.0029269,1.497,0.86646,-0.97687
0.5,0.28066,1.3659,-0.0039014,1.4237,0.83057,-0.90021
0.5,0.33087,1.4403,-0.0029111,1.3909,0.81122,-0.81932
0.5,0.38434,1.5019,-0.0043999,1.3179,0.81024,-0.87085
0.5,0.44081,1.5746,-0.0040302,1.2496,0.77709,-0.73696
0.5,0.5,1.6395,-0.0022713,1.1539,0.75475,-0.68826
0.5,0.56163,1.6992,-0.0039301,1.0869,0.72071,-0.59837
0.5,0.62539,1.764,-0.0022083,1.0142,0.69308,-0.51212
0.5,0.69098,1.8199,0.0031877,0.93777,0.64739,-0.41146
0.5,0.75808,1.8681,0.0021037,0.84995,0.59912,-0.28619
0.5,0.82635,1.9152,0.0021557,0.76276,0.56784,-0.22235
0.5,0.89547,1.9463,-0.0018769,0.70404,0.55124,-0.16127
0.5,0.9651,1.956,-0.00096081,0.70987,0.52322,-0.076236
0.5,1.0349,1.9565,-0.00073281,0.70818,0.51862,0.060806
0.5,1.1045,1.9483,-0.0021509,0.70521,0.54922,0.15783
0.5,1.1736,1.919,0.0016959,0.75783,0.56682,0.21973
0.5,1.2419,1.8735,0.0021848,0.84109,0.59722,0.27655
0.5,1.309,1.8252,0.0030582,0.93112,0.64096,0.40034
0.5,1.3746,1.77,-0.00096624,1.008,0.68851,0.50399
0.5,1.4384,1.7059,-0.0040114,1.0797,0.72119,0.59304
0.5,1.5,1.6456,-0.0021888,1.1443,0.75109,0.676
0.5,1.5592,1.5821,-0.003995,1.241,0.7759,0.72413
0.5,1.6157,1.5087,-0.0040046,1.3119,0.80777,0.87249
0.5,1.6691,1.4457,-0.0034411,1.3869,0.81435,0.83636
0.5,1.7193,1.3743,-0.0033375,1.415,0.82292,0.87405
0.5,1.766,1.2948,-0.0033419,1.4968,0.86219,0.98347
0.5,1.809,1.1959,-0.0052223,1.5558,0.8867,1.0959
0.5,1.848,1.0709,-0.01036,1.6459,0.85511,1.1861
0.5,1.8829,0.9117,-0.023205,1.6659,0.90983,1.3759
0.5,1.9135,0.72567,-0.052876,1.5612,0.94298,1.1881
0.5,1.9397,0.44762,-0.10511,1.4875,0.92818,0.22391
0.5,1.9613,0.058487,-0.028181,0.90809,0.37741,0.22244
0.5,1.9781,-0.00024334,-0.00085687,0.080056,0.14874,0.0030014
0.5,1.9903,-0.0001053,-0.00020951,0.066869,0.041179,0.00024438
0.5,1.9976,-5.692e-05,-3.4976e-05,0.052982,0.0065752,4.4874e-05
0.5,2,1.3349e-05,4.0891e-09,0.00090431,7.2698e-07,1.0456e-10
0.55,0,2.6038e-15,-4.6282e-18,2.1381e-13,7.5993e-16,-9.1856e-31
0.55,0.0024359,-0.00024213,2.2971e-05,0.044983,0.0018968,5.0085e-06
0.55,0.0097319,-0.00029737,0.00017871,0.061079,0.01365,3.5722e-05
0.55,0.021852,-0.00039211,0.0004903,0.068925,0.037217,0.00032113
0.55,0.038738,-0.00071542,0.00094239,0.23446,0.090458,0.003746
0.55,0.060307,0.24311,-0.011023,1.31,0.43145,-0.37245
0.55,0.086455,0.74612,-0.03578,1.5403,0.84671,-0.76663
0.55,0.11705,0.91246,-0.022331,1.6073,0.90162,-1.207
0.55,0.15195,1.0565,-0.017537,1.6554,0.87407,-1.2441
0.55,0.19098,1.1888,-0.0092061,1.5126,0.87173,-1.0384
0.55,0.23396,1.2836,-0.0053188,1.4971,0.85742,-1.0356
0.55,0.28066,1.3703,-0.0056992,1.4372,0.83075,-0.92018
0.55,0.33087,1.4447,-0.0014762,1.358,0.79836,-0.7954
0.55,0.38434,1.5042,-6.0501e-05,1.3136,0.78523,-0.81629
0.55,0.44081,1.5747,-0.0012303,1.226,0.74829,-0.70325
0.55,0.5,1.6365,-0.0026274,1.1541,0.74425,-0.60974
0.55,0.56163,1.7008,-0.0050978,1.0695,0.72606,-0.58684
0.55,0.62539,1.7649,-0.002242,1.0134,0.69837,-0.53336
0.55,0.69098,1.8214,0.0012774,0.91646,0.64456,-0.36413
0.55,0.75808,1.8693,0.0024559,0.85417,0.6071,-0.29953
0.55,0.82635,1.9123,0.0025436,0.78923,0.56609,-0.24466
0.55,0.89547,1.9437,-0.0016721,0.69815,0.55586,-0.17812
0.55,0.9651,1.9555,-0.0027647,0.6919,0.52183,-0.089373
0.55,1.0349,1.9561,-0.0021046,0.69481,0.51774,0.072581
0.55,1.1045,1.9462,-0.002037,0.69317,0.55301,0.17502
0.55,1.1736,1.9164,0.0023506,0.77765,0.56368,0.23759
0.55,1.2419,1.8749,0.0027379,0.84783,0.6022,0.29211
0.55,1.309,1.8266,0.0014188,0.90711,0.63778,0.35672
0.55,1.3746,1.7713,-0.0017966,1.0075,0.69463,0.51698
0.55,1.4384,1.7074,-0.0051327,1.0608,0.72329,0.57829
0.55,1.5,1.643,-0.0031448,1.1432,0.74246,0.60535
0.55,1.5592,1.5826,-0.0013589,1.2209,0.74611,0.69034
0.55,1.6157,1.5118,-0.00075649,1.3032,0.78055,0.81157
0.55,1.6691,1.4516,-0.0012158,1.3485,0.79677,0.78428
0.55,1.7193,1.38,-0.0056476,1.4263,0.82729,0.89659
0.55,1.766,1.2928,-0.0055897,1.4958,0.85666,1.0447
0.55,1.809,1.1998,-0.0080312,1.5035,0.8677,1.0306
0.55,1.848,1.0719,-0.017505,1.64,0.87328,1.2238
0.55,1.8829,0.92809,-0.021622,1.6155,0.89736,1.2373
0.55,1.9135,0.76612,-0.034304,1.5369,0.87076,0.85367
0.55,1.9397,0.31561,-0.0094609,1.4786,0.4618,0.35539
0.55,1.9613,-0.00064414,0.00069151,0.30704,0.09987,-0.0036468
0.55,1.9781,-0.00038422,0.00046693,0.070341,0.040604,-0.00039524
0.55,1.9903,-0.00025989,0.00018731,0.061499,0.015408,-4.4938e-05
0.55,1.9976,-0.00022455,2.7926e-05,0.048805,0.0025756,-6.4943e-06
0.55,2,5.3312e-06,-7.2538e-11,0.00082035,2.8495e-07,-2.6051e-11
0.6,0,2.5842e-15,5.1077e-19,2.1403e-13,8.0174e-16,-3.0838e-31
0.6,0.0024359,0.00041656,1.8264e-05,0.038471,0.0019612,-1.9569e-05
0.6,0.0097319,0.0005895,0.00011608,0.05297,0.014287,-0.00019516
0.6,0.021852,0.00082024,0.00029329,0.064129,0.039568,-0.00065423
0.6,0.038738,0.0014955,0.00049396,0.2313,0.10189,-0.0010134
0.6,0.060307,0.22887,0.0016738,1.2507,0.48099,-0.38978
0.6,0.086455,0.71622,-0.015326,1.5879,0.80208,-0.70921
0.6,0.11705,0.90856,-0.019587,1.601,0.90241,-1.0737
0.6,0.15195,1.0573,-0.021498,1.5819,0.92387,-1.0226
0.6,0.19098,1.1889,-0.013586,1.5278,0.85568,-0.92494
0.6,0.23396,1.2845,-0.0085756,1.5067,0.86537,-1.0131
0.6,0.28066,1.3725,-0.0068472,1.4566,0.87356,-0.97153
0.6,0.33087,1.4475,-0.0014126,1.3574,0.82184,-0.82746
0.6,0.38434,1.5053,-0.0016901,1.3243,0.7914,-0.77296
0.6,0.44081,1.5775,-0.0011121,1.236,0.76217,-0.70049
0.6,0.5,1.6436,-0.0039025,1.1471,0.73499,-0.60205
0.6,0.56163,1.6998,-0.0046542,1.0759,0.72757,-0.5635
0.6,0.62539,1.7647,-0.0022472,1.0252,0.70799,-0.52214
0.6,0.69098,1.8237,0.001745,0.91585,0.6513,-0.38905
0.6,0.75808,1.8708,0.0014257,0.84576,0.58656,-0.29776
0.6,0.82635,1.9133,0.0010441,0.79081,0.5487,-0.2227
0.6,0.89547,1.9422,-5.237e-05,0.70725,0.53445,-0.14516
0.6,0.9651,1.9536,8.4957e-05,0.70247,0.51635,-0.069813
0.6,1.0349,1.9535,0.00010513,0.70535,0.51664,0.057185
0.6,1.1045,1.944,-0.00011267,0.70164,0.53211,0.13591
0.6,1.1736,1.9167,0.00114,0.77849,0.54316,0.211
0.6,1.2419,1.8749,0.0012296,0.83877,0.5818,0.29082
0.6,1.309,1.8285,0.0017698,0.90645,0.64518,0.3799
0.6,1.3746,1.7705,-0.0020494,1.018,0.70335,0.5115
0.6,1.4384,1.7056,-0.0045274,1.072,0.73003,0.55857
0.6,1.5,1.649,-0.0038842,1.139,0.73382,0.59651
0.6,1.5592,1.5842,-0.00093738,1.232,0.7593,0.68751
0.6,1.6157,1.5116,-0.0018211,1.317,0.78729,0.76555
0.6,1.6691,1.4538,-0.00093846,1.3491,0.81775,0.81678
0.6,1.7193,1.3819,-0.0064022,1.4459,0.86934,0.95539
0.6,1.766,1.2931,-0.0082771,1.5071,0.86609,1.0198
0.6,1.809,1.1993,-0.012518,1.5296,0.85704,0.93646
0.6,1.848,1.0719,-0.020761,1.5801,0.91571,1.0054
0.6,1.8829,0.92222,-0.019123,1.6111,0.90266,1.097
0.6,1.9135,0.7428,-0.017216,1.5796,0.83332,0.75992
0.6,1.9397,0.29077,0.0033325,1.32,0.52724,0.4966
0.6,1.9613,0.0017325,0.00042359,0.30242,0.11457,0.0010602
0.6,1.9781,0.00085092,0.00029239,0.06642,0.043348,0.00071319
0.6,1.9903,0.00059298,0.00012439,0.053581,0.016164,0.00021933
0.6,1.9976,0.00045029,2.3079e-05,0.041787,0.0026725,2.8791e-05
0.6,2,2.8048e-06,2.925e-09,0.00070001,2.9164e-07,5.0344e-11
0.65,0,2.5565e-15,7.486e-19,2.1413e-13,7.9872e-16,-4.6895e-31
0.65,0.0024359,0.00014456,-1.5584e-05,0.03146,0.0021804,1.6149e-05
0.65,0.0097319,0.00015933,-0.00012314,0.043026,0.015888,0.00015277
0.65,0.021852,9.7572e-05,-0.00036169,0.050939,0.045288,0.00037405
0.65,0.038738,-0.00033536,-0.00095842,0.23143,0.123,-0.003709
0.65,0.060307,0.14417,-0.032899,1.473,0.44707,-0.65791
0.65,0.086455,0.66125,-0.047352,1.5623,0.78262,-1.0534
0.65,0.11705,0.91135,-0.041235,1.5126,0.93517,-1.0557
0.65,0.15195,1.0567,-0.026626,1.5849,0.94996,-1.1062
0.65,0.19098,1.1916,-0.019716,1.5594,0.89861,-0.96538
0.65,0.23396,1.2883,-0.011172,1.5151,0.8854,-0.97434
0.65,0.28066,1.3752,-0.0076502,1.464,0.84961,-0.8745
0.65,0.33087,1.4487,-0.0042283,1.3582,0.81664,-0.80384
0.65,0.38434,1.5097,-0.0062999,1.3307,0.82346,-0.83279
0.65,0.44081,1.5766,0.00031899,1.2493,0.79763,-0.73818
0.65,0.5,1.6414,-0.0037494,1.1588,0.74169,-0.62008
0.65,0.56163,1.7034,-0.0049709,1.0827,0.72214,-0.56435
0.65,0.62539,1.7641,-0.0036171,1.0219,0.70918,-0.57734
0.65,0.69098,1.8251,0.0017059,0.94554,0.6474,-0.38798
0.65,0.75808,1.872,0.0024416,0.83641,0.58945,-0.29203
0.65,0.82635,1.9134,-0.00083602,0.77909,0.5491,-0.20564
0.65,0.89547,1.9409,-0.0017677,0.70767,0.53357,-0.12415
0.65,0.9651,1.9545,-0.0010421,0.70244,0.51072,-0.063061
0.65,1.0349,1.9546,-0.00083638,0.70258,0.50814,0.052789
0.65,1.1045,1.9434,-0.0018384,0.70703,0.5321,0.1166
0.65,1.1736,1.9169,-0.0007852,0.77266,0.54846,0.19786
0.65,1.2419,1.8761,0.0021454,0.82857,0.58578,0.28396
0.65,1.309,1.8305,0.0019343,0.93687,0.63957,0.37901
0.65,1.3746,1.7707,-0.0033626,1.014,0.70475,0.56198
0.65,1.4384,1.7097,-0.0046832,1.0757,0.72232,0.56776
0.65,1.5,1.6489,-0.0045934,1.1433,0.73896,0.61224
0.65,1.5592,1.584,0.00031693,1.2413,0.79254,0.72401
0.65,1.6157,1.5163,-0.0064523,1.3229,0.82592,0.83125
0.65,1.6691,1.456,-0.0041931,1.3537,0.81734,0.7992
0.65,1.7193,1.3831,-0.0072864,1.4549,0.84578,0.868
0.65,1.766,1.2975,-0.010894,1.5086,0.88396,0.96777
0.65,1.809,1.2029,-0.01885,1.5594,0.89588,0.97411
0.65,1.848,1.0717,-0.025539,1.573,0.93939,1.085
0.65,1.8829,0.9282,-0.039351,1.5211,0.95106,1.0869
0.65,1.9135,0.69579,-0.048945,1.5549,0.80635,1.0548
0.65,1.9397,0.22485,-0.030499,1.3813,0.50279,0.63747
0.65,1.9613,-0.00048145,-0.0011329,0.30631,0.13787,0.0062481
0.65,1.9781,8.3059e-05,-0.00042018,0.052489,0.049803,-0.00037266
0.65,1.9903,0.00017398,-0.00014462,0.043431,0.017976,-0.00017382
0.65,1.9976,0.00016844,-2.3024e-05,0.034147,0.0029652,-2.3501e-05
0.65,2,8.2335e-06,1.3011e-09,0.00057634,3.2702e-07,-4.8837e-11
0.7,0,2.5373e-15,-1.2584e-18,2.1427e-13,7.8982e-16,7.6089e-30
0.7,0.0024359,9.0524e-05,-6.0687e-06,0.029498,0.0015528,-1.0985e-05
0.7,0.0097319,0.0001053,-4.7212e-05,0.039832,0.011266,-0.00011269
0.7,0.021852,0.00014137,-0.00013973,0.044393,0.030997,-0.00030286
0.7,0.038738,0.0002143,-0.00039773,0.21977,0.079085,-0.001305
0.7,0.060307,0.099505,-3.9931e-05,1.5917,0.43457,-0.35293
0.7,0.086455,0.61239,-0.05681,1.9572,0.69012,-1.0099
0.7,0.11705,0.93909,-0.050017,1.4563,0.90919,-0.87958
0.7,0.15195,1.0725,-0.027274,1.5467,0.91352,-1.1373
0.7,0.19098,1.1909,-0.017817,1.5489,0.89773,-1.0178
0.7,0.23396,1.2896,-0.015897,1.5472,0.86945,-1.0869
0.7,0.28066,1.3751,-0.013637,1.4507,0.87706,-0.93368
0.7,0.33087,1.4501,-0.006153,1.3769,0.83441,-0.84414
0.7,0.38434,1.5122,-0.0045327,1.3434,0.79053,-0.73724
0.7,0.44081,1.5756,-0.0041593,1.2658,0.78984,-0.74794
0.7,0.5,1.64,-0.0036305,1.1708,0.7623,-0.63008
0.7,0.56163,1.7063,-0.0045922,1.091,0.75196,-0.59116
0.7,0.62539,1.7642,-0.0014411,1.0216,0.71201,-0.52477
0.7,0.69098,1.8232,0.0013604,0.94121,0.63389,-0.39434
0.7,0.75808,1.8732,-0.00044141,0.84591,0.57815,-0.29249
0.7,0.82635,1.9117,-0.00088654,0.77217,0.55077,-0.2414
0.7,0.89547,1.943,-0.0007644,0.70202,0.52811,-0.11944
0.7,0.9651,1.9578,-0.00029288,0.68482,0.51623,-0.05538
0.7,1.0349,1.9586,-0.00024009,0.68231,0.51494,0.046346
0.7,1.1045,1.9454,-0.00062036,0.70311,0.52827,0.11283
0.7,1.1736,1.9153,-0.00080913,0.76532,0.54889,0.23006
0.7,1.2419,1.8773,-0.00021776,0.83654,0.57406,0.28766
0.7,1.309,1.8289,0.0016998,0.93588,0.62559,0.37608
0.7,1.3746,1.7711,-0.00074354,1.0133,0.70607,0.51437
0.7,1.4384,1.7124,-0.0038681,1.086,0.74993,0.59462
0.7,1.5,1.6472,-0.0036379,1.1575,0.76222,0.61923
0.7,1.5592,1.5831,-0.003854,1.252,0.78603,0.7432
0.7,1.6157,1.5184,-0.0040011,1.3334,0.78792,0.7282
0.7,1.6691,1.4572,-0.0057987,1.3684,0.8306,0.83567
0.7,1.7193,1.3836,-0.01246,1.4423,0.87767,0.92063
0.7,1.766,1.2987,-0.015992,1.539,0.86955,1.0844
0.7,1.809,1.2012,-0.016858,1.5479,0.89123,1.0182
0.7,1.848,1.0837,-0.025214,1.5604,0.90809,1.1364
0.7,1.8829,0.95526,-0.046266,1.4638,0.91478,0.91496
0.7,1.9135,0.6645,-0.063789,1.8479,0.73947,1.0507
0.7,1.9397,0.13891,0.0050199,1.7509,0.4546,0.36147
0.7,1.9613,0.00025471,-0.00037979,0.29392,0.088891,0.0014881
0.7,1.9781,0.00013836,-0.00016928,0.045309,0.033901,0.00033521
0.7,1.9903,0.00010572,-6.0294e-05,0.04012,0.012735,0.00012729
0.7,1.9976,9.0468e-05,-1.0471e-05,0.032,0.0021147,1.6489e-05
0.7,2,1.2865e-05,-1.5032e-09,0.00054734,2.3191e-07,2.4094e-11
0.75,0,2.5168e-15,-1.8018e-18,2.1407e-13,7.8747e-16,3.2357e-30
0.75,0.0024359,-5.9818e-05,-1.2826e-05,0.032797,0.0012718,-9.4267e-06
0.75,0.0097319,-9.4958e-05,-8.1298e-05,0.044649,0.0091297,-9.0375e-05
0.75,0.021852,-0.00011173,-0.00021062,0.049541,0.024458,-0.00024575
0.75,0.038738,-0.00017955,-0.00037498,0.22345,0.056727,-0.001494
0.75,0.060307,-0.017143,-0.012846,2.0428,0.26143,-0.29895
0.75,0.086455,0.44099,-0.010125,2.5661,0.63127,-0.88032
0.75,0.11705,0.94374,-0.008978,1.5574,0.81841,-0.75701
0.75,0.15195,1.0811,-0.011036,1.5366,0.91125,-1.0088
0.75,0.19098,1.1882,-0.0069898,1.5613,0.88304,-1.0577
0.75,0.23396,1.2879,-0.0089795,1.5357,0.84635,-1.011
0.75,0.28066,1.3759,-0.0045246,1.4489,0.85276,-0.93692
0.75,0.33087,1.4492,-0.0041567,1.3713,0.85697,-0.86837
0.75,0.38434,1.5151,-0.0048286,1.3353,0.79936,-0.734
0.75,0.44081,1.5723,-0.0059668,1.2946,0.77629,-0.71822
0.75,0.5,1.6399,-0.0041092,1.1696,0.75241,-0.65664
0.75,0.56163,1.7067,-0.0028545,1.0957,0.74079,-0.61312
0.75,0.62539,1.7653,-0.00046514,1.0057,0.67967,-0.45903
0.75,0.69098,1.8199,-0.0011545,0.93245,0.61628,-0.32269
0.75,0.75808,1.8724,-0.0012344,0.86676,0.56972,-0.28276
0.75,0.82635,1.914,0.000486,0.76477,0.53788,-0.22183
0.75,0.89547,1.943,0.00022443,0.71016,0.52929,-0.14605
0.75,0.9651,1.9571,-0.00059355,0.67601,0.51717,-0.040412
0.75,1.0349,1.9576,-0.0003335,0.67114,0.51463,0.032877
0.75,1.1045,1.9452,2.453e-05,0.70787,0.52741,0.13942
0.75,1.1736,1.917,0.00084187,0.7601,0.53824,0.2157
0.75,1.2419,1.8768,-0.0012296,0.85805,0.56457,0.28334
0.75,1.309,1.8251,-0.0012237,0.92203,0.61392,0.31205
0.75,1.3746,1.7703,-0.00014883,0.99934,0.67008,0.44536
0.75,1.4384,1.713,-0.0024868,1.0916,0.7342,0.59521
0.75,1.5,1.6462,-0.0036357,1.1582,0.75332,0.64631
0.75,1.5592,1.5785,-0.0062163,1.2881,0.77874,0.71513
0.75,1.6157,1.521,-0.005322,1.3312,0.79303,0.73273
0.75,1.6691,1.4559,-0.0042823,1.3684,0.85405,0.86749
0.75,1.7193,1.3831,-0.0042597,1.4423,0.85238,0.92186
0.75,1.766,1.2973,-0.0087019,1.5335,0.84315,1.0139
0.75,1.809,1.1994,-0.006726,1.5589,0.87991,1.0446
0.75,1.848,1.0908,-0.010702,1.5457,0.91145,1.0385
0.75,1.8829,0.96284,-0.0092845,1.5288,0.83359,0.76299
0.75,1.9135,0.52564,-0.0075605,2.416,0.65374,0.88113
0.75,1.9397,-0.029744,-0.027662,2.3942,0.35047,0.7107
0.75,1.9613,-0.00026004,-0.00034107,0.29797,0.062269,0.0017356
0.75,1.9781,-0.00011573,-0.00021212,0.050551,0.026579,0.00027422
0.75,1.9903,-9.0741e-05,-8.3417e-05,0.044955,0.010289,0.00010105
0.75,1.9976,-6.5317e-05,-1.5053e-05,0.035639,0.0017256,1.4063e-05
0.75,2,2.7176e-07,-4.803e-09,0.00059243,1.9398e-07,2.2495e-11
0.8,0,2.4987e-15,-1.278e-18,2.1415e-13,7.9614e-16,-4.8284e-30
0.8,0.0024359,-0.00023603,-2.9632e-07,0.036863,0.0021828,-2.0472e-05
0.8,0.0097319,-0.00031581,5.3084e-07,0.050224,0.016036,-0.00020478
0.8,0.021852,-0.00040138,-2.7489e-05,0.058496,0.04756,-0.00079815
0.8,0.038738,-0.012769,0.0040025,0.3921,0.18296,0.006871
0.8,0.060307,0.032226,-0.0097514,1.8862,0.53181,-0.43707
0.8,0.086455,0.52156,0.025488,2.0231,0.82483,-0.90394
0.8,0.11705,0.92746,0.011256,1.6152,0.83332,-0.97554
0.8,0.15195,1.0791,0.0019891,1.5412,0.90439,-1.0057
0.8,0.19098,1.1911,-0.0018845,1.5567,0.8826,-1.0532
0.8,0.23396,1.2871,-0.00093792,1.5114,0.86007,-0.94326
0.8,0.28066,1.3769,-0.0012,1.447,0.85463,-0.85935
0.8,0.33087,1.4493,-0.0013329,1.3646,0.87056,-0.87496
0.8,0.38434,1.5144,-0.0073123,1.3266,0.83939,-0.81595
0.8,0.44081,1.5713,-0.0069687,1.2769,0.77354,-0.75114
0.8,0.5,1.6386,-0.0033639,1.1779,0.74349,-0.62628
0.8,0.56163,1.703,-0.0053674,1.0951,0.73527,-0.63742
0.8,0.62539,1.7644,-0.0076015,1.0129,0.67828,-0.47858
0.8,0.69098,1.817,-0.0047853,0.96292,0.64581,-0.37117
0.8,0.75808,1.8711,-0.0015921,0.87053,0.58585,-0.26851
0.8,0.82635,1.9145,-0.00022217,0.76942,0.53607,-0.20541
0.8,0.89547,1.9419,-0.00056412,0.71246,0.51219,-0.13451
0.8,0.9651,1.9567,-0.00040613,0.6642,0.52285,-0.054721
0.8,1.0349,1.9571,-0.00023443,0.66178,0.52344,0.044044
0.8,1.1045,1.9443,-0.00058544,0.70702,0.51076,0.12697
0.8,1.1736,1.9181,-0.00028929,0.76126,0.53393,0.19762
0.8,1.2419,1.8761,-0.0013175,0.86409,0.57986,0.26135
0.8,1.309,1.8219,-0.0046305,0.95679,0.64057,0.36328
0.8,1.3746,1.77,-0.0078526,1.0036,0.6745,0.4662
0.8,1.4384,1.709,-0.0057761,1.0894,0.73192,0.63129
0.8,1.5,1.6453,-0.003151,1.1649,0.74199,0.62434
0.8,1.5592,1.5774,-0.0071886,1.2725,0.7679,0.74203
0.8,1.6157,1.5204,-0.0073908,1.3276,0.83113,0.81685
0.8,1.6691,1.4566,-0.0017678,1.3549,0.87488,0.86694
0.8,1.7193,1.385,-0.001368,1.4403,0.85172,0.86035
0.8,1.766,1.2974,-0.0015587,1.5031,0.86278,0.93667
0.8,1.809,1.2028,-0.002142,1.5512,0.87948,1.0207
0.8,1.848,1.0908,0.0017278,1.5479,0.90769,1.029
0.8,1.8829,0.9489,0.0095399,1.5992,0.84051,0.98106
0.8,1.9135,0.57789,0.025985,1.9743,0.82236,0.97048
0.8,1.9397,0.066783,-0.0071185,1.983,0.57319,0.47724
0.8,1.9613,-0.026927,0.0065384,0.5565,0.20996,-0.014704
0.8,1.9781,-0.00042221,-8.8215e-05,0.060169,0.052723,0.00094823
0.8,1.9903,-0.00031434,-1.2762e-05,0.050662,0.018152,0.00023375
0.8,1.9976,-0.00024903,-3.2486e-06,0.039994,0.0029648,3.0515e-05
0.8,2,-1.0353e-05,-1.3875e-09,0.000676,3.2782e-07,5.2969e-11
0.85,0,2.5121e-15,-1.947e-18,2.141e-13,8.0339e-16,9.4898e-31
0.85,0.0024359,-9.9938e-05,2.4524e-05,0.043506,0.0026977,-1.8604e-05
0.85,0.0097319,-0.00012904,0.00017932,0.059988,0.019762,-0.00020326
0.85,0.021852,-0.00014217,0.00051041,0.073107,0.060499,-0.0010538
0.85,0.038738,-0.010829,0.0059546,0.44039,0.21109,0.0049647
0.85,0.060307,0.18958,0.012431,1.3037,0.66698,-0.49608
0.85,0.086455,0.56881,0.018145,1.8503,0.88746,-1.2331
0.85,0.11705,0.9128,0.014146,1.6063,0.86356,-1.0325
0.85,0.15195,1.0754,0.0039847,1.5161,0.8815,-0.99818
0.85,0.19098,1.1882,0.002485,1.525,0.90077,-1.081
0.85,0.23396,1.2907,0.0032092,1.5235,0.84261,-0.89147
0.85,0.28066,1.3794,-0.0014912,1.4436,0.85446,-0.9019
0.85,0.33087,1.4513,-0.0063991,1.3771,0.83389,-0.91849
0.85,0.38434,1.5178,-0.00694,1.3062,0.83348,-0.80149
0.85,0.44081,1.5708,-0.0024004,1.2657,0.79631,-0.74642
0.85,0.5,1.6351,-0.0028471,1.1904,0.74905,-0.62816
0.85,0.56163,1.697,-0.0077241,1.1165,0.71391,-0.61165
0.85,0.62539,1.7607,-0.0096653,1.0263,0.70397,-0.53235
0.85,0.69098,1.8157,-0.007231,0.99136,0.64538,-0.43892
0.85,0.75808,1.8695,-0.0052775,0.87677,0.60643,-0.30724
0.85,0.82635,1.9143,-0.0028988,0.76834,0.55199,-0.19326
0.85,0.89547,1.9438,-0.00012935,0.70888,0.52231,-0.11944
0.85,0.9651,1.9561,0.0004505,0.66161,0.51215,-0.048021
0.85,1.0349,1.9563,0.00022874,0.6591,0.5112,0.039027
0.85,1.1045,1.9456,0.00035998,0.70268,0.52035,0.1123
0.85,1.1736,1.9182,-0.0029291,0.76103,0.54794,0.18415
0.85,1.2419,1.8744,-0.0047898,0.86884,0.60303,0.29802
0.85,1.309,1.821,-0.0067125,0.98759,0.6423,0.43287
0.85,1.3746,1.7661,-0.0092487,1.0243,0.69865,0.52141
0.85,1.4384,1.7038,-0.0083887,1.1077,0.71345,0.60646
0.85,1.5,1.6413,-0.002766,1.1848,0.74183,0.61923
0.85,1.5592,1.5765,-0.0025802,1.2596,0.79365,0.74441
0.85,1.6157,1.524,-0.0064814,1.2974,0.83356,0.80017
0.85,1.6691,1.4581,-0.0064856,1.373,0.83111,0.9073
0.85,1.7193,1.3875,-0.0021654,1.4395,0.85853,0.90363
0.85,1.766,1.2996,0.0031361,1.5189,0.83687,0.88356
0.85,1.809,1.1998,0.0025133,1.5214,0.89625,1.0782
0.85,1.848,1.0865,0.0039521,1.5273,0.88428,1.0178
0.85,1.8829,0.93566,0.013286,1.5753,0.86427,1.0083
0.85,1.9135,0.60763,0.018207,1.8499,0.88325,1.2374
0.85,1.9397,0.22297,0.013249,1.4084,0.71001,0.60181
0.85,1.9613,-0.013703,0.0089662,0.55458,0.24507,-0.010857
0.85,1.9781,-0.0001442,0.00052542,0.075776,0.067625,0.001308
0.85,1.9903,-0.00012152,0.00019209,0.060638,0.022413,0.00023568
0.85,1.9976,-0.00010108,3.0523e-05,0.047244,0.0036644,2.7991e-05
0.85,2,-8.2038e-06,4.7603e-09,0.00079274,4.0703e-07,4.2092e-11
0.9,0,2.5591e-15,-6.1128e-18,2.142e-13,7.7386e-16,6.808e-30
0.9,0.0024359,0.00042018,1.7601e-05,0.04102,0.0029783,1.8335e-06
0.9,0.0097319,0.00060812,0.00011549,0.056166,0.021973,-1.9869e-05
0.9,0.021852,0.00076268,0.00029526,0.064314,0.067454,-0.00038184
0.9,0.038738,0.0016242,-0.00025549,0.29231,0.23938,-0.039703
0.9,0.060307,0.30139,-0.036477,1.0801,0.69297,-0.63574
0.9,0.086455,0.61247,-0.0090428,1.6357,0.89879,-1.3614
0.9,0.11705,0.90055,0.0035,1.6801,0.88386,-1.2662
0.9,0.15195,1.0795,0.0013679,1.5096,0.91457,-1.0597
0.9,0.19098,1.1931,0.0084063,1.5299,0.92696,-1.1243
0.9,0.23396,1.2896,0.0028991,1.5359,0.90943,-1.1137
0.9,0.28066,1.3749,-0.0021705,1.4402,0.84294,-0.9126
0.9,0.33087,1.4522,-0.0035902,1.3517,0.80748,-0.78833
0.9,0.38434,1.5167,-0.0031631,1.2993,0.79465,-0.76584
0.9,0.44081,1.5765,-0.0054072,1.2517,0.79104,-0.7363
0.9,0.5,1.6325,-0.0056493,1.1912,0.75387,-0.66666
0.9,0.56163,1.6962,-0.0070526,1.1139,0.719,-0.6072
0.9,0.62539,1.7579,-0.0098473,1.0351,0.69679,-0.57796
0.9,0.69098,1.8149,-0.0069361,0.98953,0.66086,-0.47838
0.9,0.75808,1.8674,-0.0048363,0.88844,0.6111,-0.32686
0.9,0.82635,1.9152,-0.0032811,0.78325,0.58196,-0.22532
0.9,0.89547,1.9464,-0.0015062,0.69132,0.53971,-0.11676
0.9,0.9651,1.9573,-0.0012428,0.66521,0.53919,-0.021961
0.9,1.0349,1.9576,-0.0012449,0.66054,0.53739,0.018241
0.9,1.1045,1.9481,-0.0012283,0.6867,0.53779,0.10519
0.9,1.1736,1.9195,-0.0033427,0.77595,0.57756,0.21573
0.9,1.2419,1.8724,-0.0045913,0.87734,0.60634,0.31377
0.9,1.309,1.8204,-0.006526,0.97964,0.65842,0.46667
0.9,1.3746,1.7637,-0.0096835,1.0329,0.69348,0.56967
0.9,1.4384,1.7028,-0.0075986,1.1042,0.71619,0.60323
0.9,1.5,1.6386,-0.0057323,1.1902,0.75025,0.65674
0.9,1.5592,1.5812,-0.00526,1.2464,0.78869,0.72778
0.9,1.6157,1.5232,-0.0034917,1.2933,0.79193,0.77121
0.9,1.6691,1.4596,-0.0034856,1.3444,0.80223,0.77656
0.9,1.7193,1.3832,-0.0028234,1.4295,0.83938,0.90415
0.9,1.766,1.2982,0.0018215,1.5294,0.90464,1.1013
0.9,1.809,1.204,0.0079349,1.5293,0.92792,1.1326
0.9,1.848,1.0914,0.0016666,1.511,0.91638,1.0631
0.9,1.8829,0.92412,0.0034698,1.6701,0.88799,1.2246
0.9,1.9135,0.6442,-0.0077198,1.6636,0.90527,1.3844
0.9,1.9397,0.33895,-0.034092,1.1224,0.73399,0.72453
0.9,1.9613,0.0025597,0.00014708,0.41519,0.27044,0.061625
0.9,1.9781,0.00077789,0.00035905,0.065823,0.075434,0.00050853
0.9,1.9903,0.00061104,0.00014494,0.056626,0.024952,2.5319e-05
0.9,1.9976,0.00045909,2.7202e-05,0.044559,0.0040554,-1.7182e-06
0.9,2,6.2597e-06,5.1089e-09,0.00074331,4.4578e-07,-1.5927e-11
0.95,0,2.6182e-15,2.452e-18,2.1429e-13,7.8208e-16,-4.666e-30
0.95,0.0024359,0.00034439,-2.2288e-05,0.03729,0.0028066,-6.4844e-06
0.95,0.0097319,0.00044322,-0.00019125,0.05091,0.020877,-3.9799e-05
0.95,0.021852,0.00052748,-0.00058821,0.059234,0.066415,-0.00023447
0.95,0.038738,0.0013603,-0.0021561,0.27465,0.32177,0.022238
0.95,0.060307,0.2168,-0.051693,1.3262,0.69983,-1.1805
0.95,0.086455,0.65953,-0.046306,1.4488,0.9417,-1.2983
0.95,0.11705,0.90973,-0.0069763,1.6153,0.89956,-1.2593
0.95,0.15195,1.0791,0.0044401,1.5549,0.88859,-1.0977
0.95,0.19098,1.1943,0.0064127,1.5401,0.93152,-1.1657
0.95,0.23396,1.29,0.005241,1.5551,0.89899,-1.1081
0.95,0.28066,1.3735,-0.0012184,1.4565,0.85431,-0.93449
0.95,0.33087,1.4506,-0.0031652,1.3314,0.83976,-0.82063
0.95,0.38434,1.5139,-0.0043772,1.3118,0.814,-0.77541
0.95,0.44081,1.5767,-0.007028,1.2735,0.78057,-0.69803
0.95,0.5,1.6332,-0.0070855,1.1981,0.7663,-0.70029
0.95,0.56163,1.6947,-0.0057296,1.1342,0.69822,-0.57822
0.95,0.62539,1.756,-0.0091946,1.0456,0.70698,-0.57619
0.95,0.69098,1.8143,-0.0087874,0.97549,0.68923,-0.52902
0.95,0.75808,1.8668,-0.0043673,0.88945,0.63042,-0.34242
0.95,0.82635,1.9149,-0.0025555,0.79673,0.60028,-0.24811
0.95,0.89547,1.9461,-0.001607,0.70319,0.57285,-0.13344
0.95,0.9651,1.958,-0.0016165,0.66648,0.5722,-0.03316
0.95,1.0349,1.9591,-0.0014018,0.66072,0.5739,0.026451
0.95,1.1045,1.9482,-0.0017361,0.69756,0.57141,0.12054
0.95,1.1736,1.9197,-0.0024376,0.78688,0.59549,0.23453
0.95,1.2419,1.8722,-0.0046798,0.87975,0.62668,0.32935
0.95,1.309,1.8198,-0.0084395,0.96915,0.68874,0.51086
0.95,1.3746,1.7621,-0.0092491,1.0382,0.70407,0.57735
0.95,1.4384,1.7013,-0.0060812,1.1207,0.69587,0.56573
0.95,1.5,1.6399,-0.006984,1.1935,0.75954,0.68276
0.95,1.5592,1.5826,-0.0074385,1.2675,0.78355,0.69093
0.95,1.6157,1.5202,-0.0050757,1.3085,0.81407,0.77004
0.95,1.6691,1.4573,-0.0034302,1.326,0.8363,0.81617
0.95,1.7193,1.3817,-0.0018183,1.449,0.85166,0.93137
0.95,1.766,1.2986,0.0047298,1.5491,0.89227,1.1034
0.95,1.809,1.2035,0.0067227,1.5454,0.93614,1.1745
0.95,1.848,1.0924,0.0047523,1.5445,0.89275,1.0785
0.95,1.8829,0.93111,-0.0054996,1.6133,0.89848,1.2615
0.95,1.9135,0.68913,-0.041434,1.4824,0.94054,1.3167
0.95,1.9397,0.27643,-0.061257,1.3185,0.7612,1.2348
0.95,1.9613,-0.0012075,-0.00067635,0.37663,0.40645,-0.050237
0.95,1.9781,0.00051092,-0.00067047,0.06107,0.074582,0.00035341
0.95,1.9903,0.0004428,-0.00022046,0.051354,0.023701,4.114e-05
0.95,1.9976,0.00036956,-3.1802e-05,0.040493,0.0038106,9.2801e-06
0.95,2,1.5797e-05,1.2754e-09,0.00068259,4.2164e-07,2.1826e-11
1,0,2.6335e-15,6.4241e-18,2.1445e-13,7.724e-16,-8.8296e-30
1,0.0024359,-0.00024881,-2.0347e-05,0.036979,0.0022098,-1.2638e-05
1,0.0097319,-0.00035614,-0.00013169,0.050327,0.016164,-0.00014986
1,0.021852,-0.00049534,-0.00035925,0.055732,0.046443,-0.00078716
1,0.038738,-0.0014115,-0.00090549,0.25272,0.12652,-0.011517
1,0.060307,0.11548,-0.010394,1.6446,0.56984,-0.64363
1,0.086455,0.67891,0.015603,1.6954,0.78127,-1.0636
1,0.11705,0.9206,0.0091427,1.5661,0.88576,-1.0323
1,0.15195,1.0764,0.0076966,1.5457,0.88767,-1.0704
1,0.19098,1.1869,0.0043883,1.5373,0.89317,-1.0388
1,0.23396,1.2796,0.0014254,1.5255,0.89332,-1.0232
1,0.28066,1.3698,-5.9085e-05,1.4591,0.83041,-0.89732
1,0.33087,1.4475,-0.0033576,1.369,0.79991,-0.80726
1,0.38434,1.5081,-0.0063304,1.3408,0.78892,-0.76983
1,0.44081,1.5708,-0.0065068,1.2833,0.75845,-0.67851
1,0.5,1.6314,-0.0057659,1.212,0.73627,-0.64815
1,0.56163,1.6925,-0.00731,1.1373,0.73643,-0.64034
1,0.62539,1.7536,-0.010357,1.0745,0.73258,-0.61168
1,0.69098,1.8138,-0.0073953,0.96062,0.68136,-0.50646
1,0.75808,1.8665,-0.0035287,0.87,0.62428,-0.33733
1,0.82635,1.9144,-0.0021356,0.80012,0.57514,-0.27108
1,0.89547,1.9461,-0.0033404,0.722,0.56414,-0.13698
1,0.9651,1.9594,-0.0013637,0.66016,0.55288,-0.045573
1,1.0349,1.9601,-0.0012188,0.65626,0.55477,0.035447
1,1.1045,1.9476,-0.0031008,0.71374,0.56077,0.12692
1,1.1736,1.9184,-0.0024711,0.79193,0.57318,0.26121
1,1.2419,1.8717,-0.003159,0.86044,0.61613,0.32798
1,1.309,1.8187,-0.0069227,0.95072,0.67617,0.48642
1,1.3746,1.7597,-0.01053,1.0653,0.73287,0.61321
1,1.4384,1.6984,-0.0076551,1.1258,0.73655,0.62772
1,1.5,1.6371,-0.005479,1.2031,0.73536,0.64904
1,1.5592,1.5777,-0.0065823,1.2781,0.75407,0.6593
1,1.6157,1.5139,-0.0065202,1.3348,0.78942,0.75905
1,1.6691,1.4538,-0.0033415,1.3651,0.79618,0.80862
1,1.7193,1.378,-0.00028641,1.4529,0.8264,0.88382
1,1.766,1.2892,0.0016395,1.5218,0.88746,1.0152
1,1.809,1.197,0.0042005,1.5401,0.8951,1.0403
1,1.848,1.0887,0.0077851,1.5399,0.8823,1.0728
1,1.8829,0.93948,0.0093882,1.57,0.88765,1.0376
1,1.9135,0.71364,0.015121,1.6525,0.79493,1.0452
1,1.9397,0.17465,-0.0082111,1.7275,0.61201,0.80036
1,1.9613,-0.0020178,-0.00056279,0.33816,0.14812,0.0074971
1,1.9781,-0.00049984,-0.00041143,0.056948,0.051179,0.0009921
1,1.9903,-0.00035225,-0.00015278,0.050647,0.018311,0.00017344
1,1.9976,-0.00026827,-2.8144e-05,0.04018,0.0030088,1.9268e-05
1,2,-4.4524e-06,-6.8598e-09,0.00066949,3.3256e-07,2.7777e-11
1.05,0,2.6582e-15,6.8717e-18,2.1475e-13,7.8681e-16,-2.5769e-30
1.05,0.0024359,-5.647e-05,-2.3946e-06,0.038016,0.0023542,-2.9662e-07
1.05,0.0097319,-6.2487e-05,-2.1634e-05,0.051939,0.017114,-1.683e-07
1.05,0.021852,1.9866e-05,-5.9956e-05,0.061088,0.048071,2.226e-05
1.05,0.038738,0.00035203,-0.00031199,0.23473,0.12869,-0.002167
1.05,0.060307,0.32236,0.020582,1.1479,0.61934,-0.64559
1.05,0.086455,0.68941,0.0224,1.5366,0.81381,-1.056
1.05,0.11705,0.92343,0.020179,1.5723,0.85691,-0.98398
1.05,0.15195,1.0757,0.012499,1.5387,0.86567,-1.0171
1.05,0.19098,1.1831,0.0048917,1.5215,0.89421,-1.0415
1.05,0.23396,1.2772,0.0024784,1.5163,0.87353,-1.0109
1.05,0.28066,1.3679,0.0020974,1.4358,0.84149,-0.8447
1.05,0.33087,1.438,-0.0041315,1.3989,0.7981,-0.77142
1.05,0.38434,1.5047,-0.0040724,1.3543,0.76196,-0.72713
1.05,0.44081,1.5716,-0.0051058,1.2888,0.74717,-0.65555
1.05,0.5,1.6293,-0.0065027,1.2332,0.75818,-0.66838
1.05,0.56163,1.6902,-0.0056844,1.143,0.73318,-0.64311
1.05,0.62539,1.756,-0.0038884,1.0769,0.70576,-0.53888
1.05,0.69098,1.8124,-0.0067866,0.95999,0.67204,-0.46628
1.05,0.75808,1.8691,-0.0065847,0.86148,0.62537,-0.34622
1.05,0.82635,1.9138,-0.0042424,0.79845,0.58302,-0.28909
1.05,0.89547,1.945,-0.0039635,0.73157,0.55008,-0.15904
1.05,0.9651,1.9584,-0.00077076,0.65569,0.52147,-0.049583
1.05,1.0349,1.9582,-0.00059045,0.65312,0.5199,0.039863
1.05,1.1045,1.9464,-0.0038089,0.72469,0.54818,0.14622
1.05,1.1736,1.9172,-0.0042205,0.78799,0.5771,0.28017
1.05,1.2419,1.8738,-0.0062502,0.8539,0.62233,0.34667
1.05,1.309,1.8167,-0.0067899,0.94742,0.6666,0.45558
1.05,1.3746,1.7619,-0.0043436,1.0669,0.70341,0.52833
1.05,1.4384,1.6956,-0.0055089,1.137,0.73116,0.64041
1.05,1.5,1.6348,-0.0064569,1.2239,0.75834,0.66967
1.05,1.5592,1.5773,-0.0054744,1.2912,0.74988,0.6625
1.05,1.6157,1.5109,-0.0039082,1.3499,0.75958,0.7099
1.05,1.6691,1.4448,-0.0051779,1.3948,0.79695,0.77487
1.05,1.7193,1.376,0.0017515,1.432,0.83757,0.8372
1.05,1.766,1.2869,0.0021984,1.512,0.87096,0.99964
1.05,1.809,1.1928,0.0045363,1.5212,0.89508,1.0328
1.05,1.848,1.089,0.011425,1.5304,0.86672,1.0092
1.05,1.8829,0.94012,0.019321,1.5747,0.86402,0.98086
1.05,1.9135,0.72008,0.021992,1.5572,0.81754,1.0439
1.05,1.9397,0.369,0.02058,1.2142,0.6564,0.72262
1.05,1.9613,0.00030989,-0.00031582,0.30814,0.14679,0.0044805
1.05,1.9781,7.5983e-06,-5.8283e-05,0.063126,0.05268,-1.4729e-05
1.05,1.9903,-6.7929e-05,-1.8052e-05,0.052439,0.019338,-2.019e-06
1.05,1.9976,-6.7623e-05,-1.2826e-06,0.04128,0.0031982,7.958e-07
1.05,2,-5.7562e-06,-1.4146e-09,0.00069449,3.5374e-07,-4.5382e-12
1.1,0,2.6622e-15,1.5144e-19,2.1455e-13,8.2439e-16,4.788e-30
1.1,0.0024359,-9.4311e-05,-1.4161e-05,0.043792,0.0029034,-1.92e-05
1.1,0.0097319,-0.0001524,-9.9282e-05,0.060352,0.021162,-0.00018774
1.1,0.021852,-0.00011845,-0.00021363,0.07534,0.060697,-0.00038049
1.1,0.038738,0.0098107,0.0020165,0.43841,0.23997,-0.094602
1.1,0.060307,0.37971,0.040072,1.4456,0.68974,-1.0955
1.1,0.086455,0.7204,0.040011,1.5393,0.87296,-1.1514
1.1,0.11705,0.9258,0.027421,1.5677,0.88657,-0.99306
1.1,0.15195,1.0754,0.014801,1.564,0.87831,-1.0067
1.1,0.19098,1.1817,0.006423,1.5277,0.88453,-1.0106
1.1,0.23396,1.2779,0.00040879,1.5096,0.88343,-1.0348
1.1,0.28066,1.3595,-0.0036177,1.4578,0.86084,-0.95173
1.1,0.33087,1.4391,-0.0086862,1.4235,0.81531,-0.82639
1.1,0.38434,1.5042,-0.0075042,1.3461,0.78552,-0.76181
1.1,0.44081,1.5702,-0.0058826,1.2896,0.76864,-0.65459
1.1,0.5,1.6331,-0.0057548,1.22,0.75716,-0.64431
1.1,0.56163,1.6924,-0.0028198,1.157,0.72578,-0.59295
1.1,0.62539,1.7547,-0.0012539,1.0594,0.678,-0.522
1.1,0.69098,1.8108,-0.0051079,0.97585,0.65927,-0.43786
1.1,0.75808,1.8665,-0.0051007,0.87823,0.61711,-0.35827
1.1,0.82635,1.9132,-0.0052951,0.79033,0.59256,-0.29643
1.1,0.89547,1.9446,-0.0040684,0.72093,0.54783,-0.18085
1.1,0.9651,1.9582,-0.0019929,0.65739,0.54541,-0.054308
1.1,1.0349,1.9586,-0.0017732,0.65171,0.54414,0.042368
1.1,1.1045,1.9459,-0.0038114,0.7171,0.54536,0.17164
1.1,1.1736,1.9166,-0.0054684,0.77971,0.5889,0.28343
1.1,1.2419,1.8716,-0.005276,0.86779,0.61733,0.35356
1.1,1.309,1.8156,-0.0053956,0.96336,0.65587,0.42859
1.1,1.3746,1.7611,-0.0018191,1.0548,0.67432,0.51868
1.1,1.4384,1.6981,-0.0028328,1.1464,0.72167,0.59556
1.1,1.5,1.6389,-0.0051271,1.2181,0.75376,0.64134
1.1,1.5592,1.5766,-0.0059261,1.2845,0.76822,0.65478
1.1,1.6157,1.511,-0.0073079,1.338,0.78545,0.74946
1.1,1.6691,1.4467,-0.0086227,1.421,0.80762,0.81086
1.1,1.7193,1.3662,-0.0044333,1.4567,0.86088,0.94897
1.1,1.766,1.2863,0.00019265,1.507,0.88087,1.0324
1.1,1.809,1.1913,0.0049694,1.5242,0.88979,1.0077
1.1,1.848,1.088,0.013999,1.5654,0.87388,1.0085
1.1,1.8829,0.94244,0.025659,1.5684,0.89123,0.98767
1.1,1.9135,0.7453,0.039683,1.5435,0.87792,1.1431
1.1,1.9397,0.42129,0.041806,1.4785,0.71759,1.1485
1.1,1.9613,0.032164,0.0063264,0.59673,0.29362,0.17623
1.1,1.9781,-0.00015691,-0.00025524,0.078644,0.066752,0.00044463
1.1,1.9903,-0.00015664,-0.00011418,0.061054,0.023928,0.00020796
1.1,1.9976,-0.00010743,-1.9284e-05,0.047542,0.0039425,2.9427e-05
1.1,2,-6.0346e-06,-3.4562e-09,0.00079998,4.3708e-07,3.9819e-11
1.15,0,2.6279e-15,3.6798e-18,2.1448e-13,7.8844e-16,1.1487e-29
1.15,0.0024359,-0.00028999,2.0605e-05,0.066546,0.0036985,9.8068e-05
1.15,0.0097319,-0.00039912,0.00016946,0.096607,0.027376,0.0012697
1.15,0.021852,-0.0010137,0.00023174,0.17701,0.13587,-0.011217
1.15,0.038738,0.089973,0.012542,0.89611,0.5149,-0.50697
1.15,0.060307,0.43137,0.044813,1.579,0.81404,-1.5108
1.15,0.086455,0.72286,0.035511,1.5766,0.90583,-1.2471
1.15,0.11705,0.92982,0.02738,1.5843,0.89197,-1.085
1.15,0.15195,1.0704,0.025039,1.5557,0.88128,-1.0457
1.15,0.19098,1.1839,0.015826,1.4731,0.86093,-0.87812
1.15,0.23396,1.2742,0.0059164,1.4907,0.85584,-0.96387
1.15,0.28066,1.3546,-0.0040454,1.4305,0.86978,-0.97205
1.15,0.33087,1.4373,-0.005359,1.3897,0.82531,-0.81811
1.15,0.38434,1.508,-0.0048132,1.3219,0.78769,-0.73059
1.15,0.44081,1.5688,-0.0050601,1.2906,0.75554,-0.6617
1.15,0.5,1.6341,-0.0027349,1.2363,0.74568,-0.65361
1.15,0.56163,1.6939,-0.0066161,1.148,0.72118,-0.57856
1.15,0.62539,1.7529,-0.0037253,1.0737,0.65711,-0.49555
1.15,0.69098,1.8109,-0.0022924,0.98159,0.62584,-0.44148
1.15,0.75808,1.8654,-0.0022249,0.89035,0.61424,-0.36276
1.15,0.82635,1.9102,-0.0041039,0.80317,0.57563,-0.28996
1.15,0.89547,1.9451,-0.0059382,0.71855,0.55102,-0.18426
1.15,0.9651,1.9597,-0.0029096,0.65787,0.54491,-0.043663
1.15,1.0349,1.9608,-0.0023321,0.64998,0.54575,0.03262
1.15,1.1045,1.9473,-0.0055216,0.71216,0.54922,0.17183
1.15,1.1736,1.914,-0.0043657,0.79452,0.57185,0.28556
1.15,1.2419,1.8708,-0.0025356,0.88043,0.61293,0.35849
1.15,1.309,1.8166,-0.001734,0.97365,0.62268,0.43808
1.15,1.3746,1.7589,-0.0031371,1.0639,0.65163,0.48063
1.15,1.4384,1.7003,-0.0067344,1.1367,0.71844,0.56977
1.15,1.5,1.6404,-0.002933,1.2276,0.74668,0.66092
1.15,1.5592,1.5751,-0.0049857,1.2881,0.75259,0.65812
1.15,1.6157,1.5143,-0.0048516,1.3228,0.78271,0.72443
1.15,1.6691,1.445,-0.0051729,1.3921,0.81658,0.80747
1.15,1.7193,1.3622,-0.0048278,1.4202,0.86982,0.97418
1.15,1.766,1.282,0.0050493,1.4902,0.85658,0.96905
1.15,1.809,1.1937,0.014911,1.4663,0.8615,0.86483
1.15,1.848,1.0816,0.02416,1.554,0.87771,1.0296
1.15,1.8829,0.94718,0.027187,1.5775,0.88872,1.08
1.15,1.9135,0.74703,0.034431,1.582,0.91248,1.2341
1.15,1.9397,0.46485,0.044965,1.5721,0.82603,1.5097
1.15,1.9613,0.12009,0.016862,1.0106,0.55065,0.61606
1.15,1.9781,-0.0036285,-0.0013957,0.2123,0.17693,0.02682
1.15,1.9903,-0.0004095,0.00019436,0.099292,0.031097,-0.001526
1.15,1.9976,-0.00031286,2.7824e-05,0.07228,0.0050308,-0.00014583
1.15,2,-1.2608e-05,4.2847e-09,0.0012173,5.5333e-07,-2.7027e-10
1.2,0,2.6187e-15,8.6888e-18,2.1433e-13,7.7663e-16,-3.9104e-30
1.2,0.0024359,-0.00013824,-1.8879e-05,0.05777,0.0075638,9.9773e-06
1.2,0.0097319,-0.00019218,-0.00015742,0.083488,0.057503,4.0722e-05
1.2,0.021852,-0.0062357,-0.0030467,0.36881,0.20923,-0.034877
1.2,0.038738,0.21091,0.019217,1.4489,0.54636,-0.6842
1.2,0.060307,0.48111,0.028166,1.6771,0.78549,-1.2228
1.2,0.086455,0.72453,0.02475,1.5536,0.87153,-1.219
1.2,0.11705,0.93098,0.024258,1.5648,0.89205,-1.029
1.2,0.15195,1.0709,0.015949,1.552,0.88352,-1.029
1.2,0.19098,1.1757,0.0084231,1.5,0.86655,-0.93117
1.2,0.23396,1.2702,0.00060197,1.4741,0.85591,-0.94283
1.2,0.28066,1.3505,-0.0083281,1.4076,0.86151,-0.89348
1.2,0.33087,1.4361,-0.0080375,1.3694,0.84978,-0.80549
1.2,0.38434,1.5047,-0.0057328,1.3334,0.812,-0.81924
1.2,0.44081,1.5676,-0.0083633,1.2983,0.77227,-0.71358
1.2,0.5,1.634,-0.010457,1.2375,0.76631,-0.68309
1.2,0.56163,1.6994,-0.010093,1.1165,0.7206,-0.55189
1.2,0.62539,1.7576,-0.0050201,1.0593,0.67149,-0.50239
1.2,0.69098,1.8136,-0.0015598,0.98411,0.63239,-0.46165
1.2,0.75808,1.8662,-5.1267e-05,0.9066,0.61232,-0.34991
1.2,0.82635,1.9086,-0.0015891,0.8152,0.56573,-0.27355
1.2,0.89547,1.9425,-0.003193,0.71294,0.53476,-0.17522
1.2,0.9651,1.961,-0.0018665,0.66241,0.55021,-0.044906
1.2,1.0349,1.9616,-0.0015197,0.65686,0.55313,0.031815
1.2,1.1045,1.9455,-0.0035429,0.70379,0.53355,0.16557
1.2,1.1736,1.9116,-0.0013186,0.80692,0.56186,0.25917
1.2,1.2419,1.8707,6.7922e-05,0.89418,0.60919,0.34151
1.2,1.309,1.8191,-0.0014897,0.97224,0.62692,0.45346
1.2,1.3746,1.7627,-0.0046233,1.0558,0.66872,0.50397
1.2,1.4384,1.7054,-0.0098724,1.1076,0.71407,0.5373
1.2,1.5,1.6403,-0.010391,1.2272,0.76668,0.67116
1.2,1.5592,1.5734,-0.0087575,1.2963,0.77146,0.71362
1.2,1.6157,1.511,-0.0059602,1.3261,0.80866,0.80444
1.2,1.6691,1.4438,-0.0080836,1.3676,0.84851,0.80256
1.2,1.7193,1.3583,-0.0086882,1.403,0.85937,0.87671
1.2,1.766,1.2776,-0.00040691,1.4749,0.85474,0.94256
1.2,1.809,1.1865,0.0076438,1.4897,0.86985,0.92561
1.2,1.848,1.0815,0.015589,1.5478,0.87682,1.0265
1.2,1.8829,0.9477,0.023923,1.5557,0.89616,1.0094
1.2,1.9135,0.74699,0.024908,1.569,0.87168,1.2187
1.2,1.9397,0.50745,0.02784,1.638,0.80354,1.2428
1.2,1.9613,0.24008,0.02026,1.5505,0.57375,0.76124
1.2,1.9781,-0.001301,-0.0039618,0.42926,0.24389,0.0612
1.2,1.9903,-0.00018853,-0.00016988,0.085809,0.065767,-3.2223e-05
1.2,1.9976,-0.00015528,-2.4637e-05,0.062794,0.010281,-1.1667e-05
1.2,2,-5.5081e-06,1.9172e-09,0.0010494,1.1393e-06,-7.3772e-11
1.25,0,2.5921e-15,-3.858e-18,2.1405e-13,7.9483e-16,1.4485e-30
1.25,0.0024359,-3.2801e-05,-1.2611e-05,0.056439,0.0066894,-0.00017452
1.25,0.0097319,-3.8809e-06,-0.00011752,0.082783,0.049515,-0.0021333
1.25,0.021852,0.0007602,-0.0021094,0.26971,0.16294,-0.022959
1.25,0.038738,0.2357,-0.010504,1.6966,0.52844,-0.45829
1.25,0.060307,0.54006,0.02548,1.8994,0.75813,-1.1895
1.25,0.086455,0.74212,0.016893,1.559,0.87032,-1.2246
1.25,0.11705,0.92515,0.014437,1.5618,0.87867,-1.0218
1.25,0.15195,1.0685,0.010349,1.5328,0.87546,-0.98041
1.25,0.19098,1.1743,0.0058098,1.5211,0.87913,-1.006
1.25,0.23396,1.2678,-5.4311e-07,1.4819,0.86058,-0.99053
1.25,0.28066,1.3542,-0.0076646,1.4038,0.82398,-0.87435
1.25,0.33087,1.4343,-0.012803,1.3912,0.84252,-0.89856
1.25,0.38434,1.507,-0.015056,1.3374,0.84793,-0.91084
1.25,0.44081,1.5689,-0.01308,1.2909,0.80705,-0.77042
1.25,0.5,1.6378,-0.01286,1.2118,0.76017,-0.66195
1.25,0.56163,1.7013,-0.010155,1.134,0.72221,-0.57275
1.25,0.62539,1.7568,-0.0039711,1.0778,0.67157,-0.51634
1.25,0.69098,1.8151,-0.0012728,0.98797,0.63132,-0.44615
1.25,0.75808,1.8663,-0.0022163,0.90956,0.61366,-0.37577
1.25,0.82635,1.9097,-0.0016706,0.80527,0.59238,-0.27002
1.25,0.89547,1.9415,-0.00039687,0.72217,0.53699,-0.16142
1.25,0.9651,1.9625,-0.0017588,0.6584,0.51229,-0.067065
1.25,1.0349,1.9629,-0.0017164,0.65653,0.51309,0.05487
1.25,1.1045,1.9441,-0.00024491,0.71413,0.53329,0.1522
1.25,1.1736,1.913,-0.0013952,0.79296,0.58642,0.25586
1.25,1.2419,1.8704,-0.0022956,0.8982,0.61243,0.36452
1.25,1.309,1.8212,-0.0012654,0.97802,0.6246,0.43943
1.25,1.3746,1.7623,-0.003387,1.0669,0.66948,0.51022
1.25,1.4384,1.7068,-0.0097867,1.1254,0.71663,0.56542
1.25,1.5,1.6442,-0.012609,1.2047,0.75917,0.65359
1.25,1.5592,1.5755,-0.013293,1.2885,0.79818,0.75019
1.25,1.6157,1.5127,-0.014138,1.3311,0.84903,0.90851
1.25,1.6691,1.4412,-0.012875,1.3938,0.84002,0.90166
1.25,1.7193,1.362,-0.0080773,1.4001,0.82197,0.86681
1.25,1.766,1.2762,-0.00074837,1.4817,0.85524,0.96757
1.25,1.809,1.1852,0.0050803,1.5163,0.87984,1.0077
1.25,1.848,1.0798,0.0095013,1.5323,0.87664,0.98574
1.25,1.8829,0.94255,0.014391,1.5519,0.8766,1.0145
1.25,1.9135,0.76147,0.015725,1.567,0.87307,1.2112
1.25,1.9397,0.56223,0.025145,1.8186,0.77935,1.1794
1.25,1.9613,0.27294,-0.0059467,1.8371,0.55249,0.56602
1.25,1.9781,0.0050705,-0.0066879,0.36122,0.20311,0.029829
1.25,1.9903,-1.0819e-05,-0.00011967,0.085574,0.055856,0.0025847
1.25,1.9976,-3.5749e-05,-1.362e-05,0.061374,0.0090922,0.00025927
1.25,2,2.0181e-06,-7.7319e-10,0.0010243,9.9939e-07,4.582e-10
1.3,0,2.6081e-15,1.954e-19,2.1387e-13,7.7158e-16,-9.209e-30
1.3,0.0024359,1.5855e-05,4.2075e-05,0.071453,0.0057684,-0.00020934
1.3,0.0097319,-4.583e-05,0.00033039,0.10172,0.043518,-0.0019609
1.3,0.021852,0.00017618,0.0011378,0.17806,0.15036,-0.023389
1.3,0.038738,0.23158,0.022102,1.7171,0.56109,-0.89566
1.3,0.060307,0.54132,0.030278,1.9379,0.78017,-1.3434
1.3,0.086455,0.74796,0.018773,1.532,0.8883,-1.0742
1.3,0.11705,0.92231,0.0055304,1.5949,0.89187,-1.1154
1.3,0.15195,1.06,-0.0011468,1.5597,0.86922,-1.0838
1.3,0.19098,1.1721,-0.0010597,1.5525,0.89331,-0.98699
1.3,0.23396,1.2693,-0.0026389,1.5062,0.86782,-0.95431
1.3,0.28066,1.3567,-0.0061337,1.4379,0.84084,-0.90497
1.3,0.33087,1.432,-0.010284,1.4116,0.85629,-0.92471
1.3,0.38434,1.5075,-0.014377,1.3484,0.86095,-0.92857
1.3,0.44081,1.5707,-0.012274,1.2678,0.79846,-0.72918
1.3,0.5,1.639,-0.011174,1.2004,0.752,-0.65554
1.3,0.56163,1.702,-0.0093145,1.164,0.73668,-0.61127
1.3,0.62539,1.7599,-0.005141,1.0613,0.70377,-0.51915
1.3,0.69098,1.8184,-0.00021609,0.97668,0.65301,-0.45465
1.3,0.75808,1.869,-0.0012947,0.89723,0.61703,-0.39571
1.3,0.82635,1.9121,-0.00039905,0.80663,0.56848,-0.27459
1.3,0.89547,1.9437,0.00058677,0.71296,0.53837,-0.14264
1.3,0.9651,1.9626,-0.00078023,0.65995,0.50396,-0.051704
1.3,1.0349,1.963,-0.00083978,0.65993,0.50198,0.041681
1.3,1.1045,1.9455,0.00052864,0.70729,0.53111,0.13005
1.3,1.1736,1.9154,-0.00040545,0.79886,0.564,0.26283
1.3,1.2419,1.8733,-0.0012879,0.88546,0.61266,0.38533
1.3,1.309,1.8236,-9.0836e-05,0.97194,0.64906,0.45153
1.3,1.3746,1.7654,-0.004573,1.0534,0.70004,0.51052
1.3,1.4384,1.7075,-0.008734,1.1575,0.73283,0.59859
1.3,1.5,1.6456,-0.010951,1.1951,0.74718,0.63372
1.3,1.5592,1.5771,-0.012125,1.2609,0.79276,0.70476
1.3,1.6157,1.5145,-0.014151,1.3334,0.85989,0.91772
1.3,1.6691,1.4382,-0.01116,1.4159,0.85663,0.93723
1.3,1.7193,1.3642,-0.0063474,1.4315,0.83724,0.90354
1.3,1.766,1.2787,-0.003395,1.4982,0.86456,0.93814
1.3,1.809,1.1828,-0.00068512,1.5471,0.89306,0.97521
1.3,1.848,1.0719,-0.0014759,1.5614,0.8719,1.0789
1.3,1.8829,0.93713,0.0050508,1.5929,0.89003,1.1182
1.3,1.9135,0.76539,0.017567,1.5371,0.89687,1.076
1.3,1.9397,0.56546,0.02952,1.8595,0.7924,1.301
1.3,1.9613,0.2688,0.024378,1.847,0.59869,1.0292
1.3,1.9781,0.00041129,0.0014274,0.22271,0.1668,0.037032
1.3,1.9903,-0.00022753,0.00033386,0.10371,0.049619,0.0021496
1.3,1.9976,1.9287e-05,5.7088e-05,0.077665,0.0078435,0.00031054
1.3,2,-1.1738e-05,3.9669e-09,0.0013039,8.6313e-07,5.2098e-10
1.35,0,2.5774e-15,3.9497e-19,2.1353e-13,7.8313e-16,2.8921e-30
1.35,0.0024359,0.0006042,-5.2576e-05,0.08713,0.0096037,0.00025789
1.35,0.0097319,0.00094553,-0.00049527,0.13529,0.072493,0.0029868
1.35,0.021852,-0.02316,0.01136,0.54922,0.3365,-0.059585
1.35,0.038738,0.23085,-0.0013042,1.7139,0.61646,-0.70438
1.35,0.060307,0.53084,-0.0094173,1.8877,0.75317,-0.84535
1.35,0.086455,0.75163,-0.0070606,1.5112,0.84872,-1.052
1.35,0.11705,0.92201,-0.010438,1.555,0.87791,-1.1371
1.35,0.15195,1.0559,-0.010473,1.5657,0.87929,-1.1388
1.35,0.19098,1.1802,-0.011929,1.5259,0.86731,-1.0049
1.35,0.23396,1.2756,-0.0065819,1.4811,0.85736,-0.96361
1.35,0.28066,1.3585,-0.006787,1.4529,0.88007,-0.90982
1.35,0.33087,1.4335,-0.0042888,1.3903,0.86146,-0.90471
1.35,0.38434,1.5086,-0.0074022,1.3136,0.84006,-0.83379
1.35,0.44081,1.5757,-0.0076288,1.2436,0.79675,-0.67227
1.35,0.5,1.6385,-0.0079405,1.2008,0.75678,-0.66651
1.35,0.56163,1.7055,-0.0061577,1.1483,0.71915,-0.56743
1.35,0.62539,1.7613,-0.0019469,1.0531,0.679,-0.44804
1.35,0.69098,1.8202,-0.0022604,0.97926,0.67296,-0.45705
1.35,0.75808,1.8703,-0.00096296,0.88903,0.6256,-0.36433
1.35,0.82635,1.9124,0.0017886,0.80504,0.56234,-0.26049
1.35,0.89547,1.9413,0.0014339,0.70852,0.52206,-0.14164
1.35,0.9651,1.9611,0.00017149,0.67097,0.50384,-0.060017
1.35,1.0349,1.9622,2.7132e-05,0.67057,0.5048,0.050281
1.35,1.1045,1.9432,0.0012728,0.70572,0.51897,0.13086
1.35,1.1736,1.9159,0.0018395,0.79365,0.55614,0.24647
1.35,1.2419,1.8746,-0.00083829,0.88416,0.62281,0.36044
1.35,1.309,1.8264,-0.0025552,0.9685,0.66665,0.4443
1.35,1.3746,1.7667,-0.0014378,1.0456,0.67549,0.43954
1.35,1.4384,1.7117,-0.0060403,1.1387,0.71453,0.55722
1.35,1.5,1.6451,-0.0078022,1.1967,0.75365,0.66954
1.35,1.5592,1.5829,-0.0079512,1.2355,0.7927,0.66411
1.35,1.6157,1.5157,-0.0075024,1.3045,0.83785,0.81554
1.35,1.6691,1.4411,-0.0050449,1.3863,0.85801,0.9094
1.35,1.7193,1.366,-0.0065264,1.4442,0.88126,0.90247
1.35,1.766,1.2858,-0.0065059,1.477,0.85802,0.96849
1.35,1.809,1.1907,-0.011189,1.5227,0.86284,0.98833
1.35,1.848,1.0694,-0.010793,1.564,0.88304,1.1337
1.35,1.8829,0.93597,-0.010645,1.5587,0.87344,1.143
1.35,1.9135,0.77061,-0.0071125,1.5199,0.85323,1.0584
1.35,1.9397,0.55603,-0.0086462,1.8201,0.7631,0.87328
1.35,1.9613,0.26629,-0.005505,1.8268,0.64375,0.69928
1.35,1.9781,-0.013898,0.012519,0.62121,0.36642,0.11888
1.35,1.9903,0.00091564,-0.00052865,0.14078,0.083029,-0.0035794
1.35,1.9976,0.00065996,-7.0215e-05,0.094799,0.013057,-0.00037891
1.35,2,4.5035e-06,-8.446e-10,0.0015815,1.4416e-06,-7.4528e-10
1.4,0,2.5038e-15,3.8755e-18,2.1376e-13,7.8343e-16,5.7156e-30
1.4,0.0024359,0.00015657,-1.4892e-05,0.062014,0.0028596,2.094e-05
1.4,0.0097319,0.00022311,-9.608e-05,0.085514,0.020659,0.00020405
1.4,0.021852,0.00024324,-0.00018772,0.10883,0.059818,0.0025219
1.4,0.038738,0.0016508,-0.0051395,0.36643,0.22872,0.015145
1.4,0.060307,0.58721,-0.025816,2.1842,0.63046,0.012245
1.4,0.086455,0.78056,-0.015921,1.491,0.82843,-0.88296
1.4,0.11705,0.92995,-0.018389,1.565,0.90206,-1.2161
1.4,0.15195,1.0585,-0.016967,1.5647,0.87532,-1.1546
1.4,0.19098,1.1744,-0.015686,1.5108,0.90485,-1.1342
1.4,0.23396,1.271,-0.015587,1.4894,0.89613,-1.0745
1.4,0.28066,1.3584,-0.012273,1.4701,0.86157,-1.0271
1.4,0.33087,1.4373,-0.0089976,1.3589,0.85897,-0.87739
1.4,0.38434,1.5115,-0.0062636,1.284,0.81261,-0.73304
1.4,0.44081,1.5771,-0.0053588,1.242,0.81065,-0.74781
1.4,0.5,1.6394,-0.0056183,1.1931,0.77826,-0.65433
1.4,0.56163,1.7047,-0.0043159,1.1282,0.71035,-0.59521
1.4,0.62539,1.7635,-0.0031757,1.0429,0.67694,-0.45524
1.4,0.69098,1.8201,0.00047147,0.97561,0.6535,-0.3778
1.4,0.75808,1.8717,0.0015512,0.88337,0.61205,-0.33404
1.4,0.82635,1.9152,5.4504e-05,0.78358,0.58467,-0.25328
1.4,0.89547,1.9413,0.0029951,0.71114,0.52772,-0.12728
1.4,0.9651,1.9595,0.0025245,0.6658,0.48969,-0.040864
1.4,1.0349,1.9604,0.0021524,0.66023,0.48674,0.03451
1.4,1.1045,1.943,0.0030968,0.70982,0.52231,0.11908
1.4,1.1736,1.9188,0.00026348,0.77558,0.57909,0.24166
1.4,1.2419,1.8761,0.0013915,0.87503,0.60631,0.32737
1.4,1.309,1.8263,0.00065179,0.96319,0.65099,0.37761
1.4,1.3746,1.7686,-0.003114,1.0409,0.67613,0.4437
1.4,1.4384,1.7103,-0.0042235,1.1229,0.70386,0.58631
1.4,1.5,1.6461,-0.0055042,1.1889,0.77235,0.64814
1.4,1.5592,1.5837,-0.0054875,1.2324,0.80713,0.73814
1.4,1.6157,1.5187,-0.0064514,1.2776,0.81125,0.73314
1.4,1.6691,1.4454,-0.0091219,1.3511,0.85582,0.8531
1.4,1.7193,1.3668,-0.011535,1.4611,0.85806,1.0142
1.4,1.766,1.2809,-0.01656,1.4891,0.89572,1.0808
1.4,1.809,1.1855,-0.016261,1.5031,0.90602,1.1131
1.4,1.848,1.0715,-0.017125,1.5594,0.87722,1.1484
1.4,1.8829,0.94434,-0.019286,1.5671,0.90466,1.2266
1.4,1.9135,0.797,-0.015558,1.4943,0.8393,0.91301
1.4,1.9397,0.61916,-0.02913,2.1023,0.67218,0.056486
1.4,1.9613,-0.0037981,-0.0091632,0.50334,0.27957,0.0099045
1.4,1.9781,0.0002108,-0.00010027,0.11387,0.066176,-0.003283
1.4,1.9903,0.00021814,-7.8635e-05,0.086665,0.023352,-0.00025596
1.4,1.9976,0.00017189,-1.3111e-05,0.067246,0.0038822,-2.8291e-05
1.4,2,1.6965e-05,-8.4509e-09,0.001147,4.3452e-07,-1.0189e-10
1.45,0,2.6003e-15,4.2499e-18,2.1371e-13,8.0481e-16,-7.1086e-31
1.45,0.0024359,-1.2351e-05,-2.6639e-05,0.041003,0.0029414,-4.6826e-06
1.45,0.0097319,-6.1418e-05,-0.00018806,0.05649,0.021415,-4.5059e-05
1.45,0.021852,-0.00014465,-0.0005438,0.069206,0.061443,0.00031634
1.45,0.038738,0.067369,0.0025949,0.53546,0.32103,-0.075962
1.45,0.060307,0.59753,-0.015147,2.1673,0.66092,-0.43304
1.45,0.086455,0.79271,-0.020775,1.4962,0.85226,-0.82377
1.45,0.11705,0.93452,-0.02204,1.516,0.8636,-1.0819
1.45,0.15195,1.0658,-0.020741,1.5244,0.86678,-1.0625
1.45,0.19098,1.1784,-0.018129,1.5033,0.85061,-1.0625
1.45,0.23396,1.2695,-0.01575,1.5267,0.87245,-0.96849
1.45,0.28066,1.3542,-0.015767,1.477,0.88001,-1.0385
1.45,0.33087,1.4395,-0.011448,1.3605,0.83677,-0.82659
1.45,0.38434,1.5131,-0.0084575,1.2986,0.81253,-0.72347
1.45,0.44081,1.5775,-0.0049745,1.2325,0.79457,-0.6889
1.45,0.5,1.6402,-0.0032227,1.1761,0.77026,-0.63067
1.45,0.56163,1.7046,-0.00082825,1.1271,0.717,-0.53883
1.45,0.62539,1.7626,-0.0048728,1.0622,0.67619,-0.46163
1.45,0.69098,1.8186,-0.0024033,0.96026,0.64555,-0.34572
1.45,0.75808,1.8705,0.0019426,0.87772,0.60559,-0.31317
1.45,0.82635,1.9157,0.0016147,0.78007,0.57126,-0.25106
1.45,0.89547,1.9435,0.00024932,0.71184,0.53147,-0.1259
1.45,0.9651,1.9595,0.0019663,0.65259,0.51178,-0.017894
1.45,1.0349,1.9608,0.0015884,0.65114,0.51135,0.011986
1.45,1.1045,1.9457,0.00060468,0.70518,0.52694,0.11507
1.45,1.1736,1.9196,0.0012648,0.772,0.56949,0.23894
1.45,1.2419,1.8752,0.0024533,0.87586,0.60031,0.30533
1.45,1.309,1.8242,-0.0019079,0.95552,0.64511,0.34924
1.45,1.3746,1.7689,-0.0050439,1.0507,0.67616,0.45206
1.45,1.4384,1.71,-0.0013585,1.1229,0.71209,0.5336
1.45,1.5,1.6471,-0.0026657,1.178,0.76746,0.62186
1.45,1.5592,1.5836,-0.0048775,1.2275,0.7923,0.68317
1.45,1.6157,1.5204,-0.007842,1.2914,0.80764,0.71735
1.45,1.6691,1.4475,-0.010928,1.3509,0.83438,0.80954
1.45,1.7193,1.3622,-0.015354,1.4702,0.87701,1.033
1.45,1.766,1.2781,-0.015951,1.526,0.87225,0.97662
1.45,1.809,1.1881,-0.01767,1.493,0.85314,1.0424
1.45,1.848,1.0782,-0.020743,1.5255,0.86585,1.0618
1.45,1.8829,0.94801,-0.021893,1.5144,0.86694,1.0826
1.45,1.9135,0.80795,-0.020758,1.4887,0.86167,0.86685
1.45,1.9397,0.6263,-0.017018,2.0981,0.6901,0.44778
1.45,1.9613,0.11589,0.00074759,0.77064,0.38593,0.11975
1.45,1.9781,-0.00010281,-0.00059763,0.072225,0.067957,-0.00048573
1.45,1.9903,-7.1058e-05,-0.00021082,0.057042,0.024226,4.2602e-05
1.45,1.9976,-2.2713e-05,-3.6113e-05,0.044569,0.0040002,8.0021e-06
1.45,2,3.234e-06,-6.1284e-09,0.00074098,4.4138e-07,-4.5727e-12
1.5,0,2.6383e-15,1.7918e-18,2.1363e-13,8.1448e-16,7.7523e-30
1.5,0.0024359,-0.00010937,1.2829e-05,0.044202,0.0034461,4.6035e-05
1.5,0.0097319,-0.00012061,7.4227e-05,0.061026,0.0257,0.00047528
1.5,0.021852,-4.206e-05,0.00021805,0.081215,0.082495,0.0020614
1.5,0.038738,0.00093959,0.014045,0.55651,0.36901,-0.10461
1.5,0.060307,0.55486,-0.030012,2.0672,0.65707,-0.44299
1.5,0.086455,0.81109,-0.029013,1.4985,0.86821,-0.82644
1.5,0.11705,0.94494,-0.023997,1.4691,0.91933,-1.0684
1.5,0.15195,1.0716,-0.022908,1.4914,0.88322,-1.0612
1.5,0.19098,1.1808,-0.022198,1.5021,0.85292,-1.0193
1.5,0.23396,1.2696,-0.020991,1.5131,0.85872,-1.0206
1.5,0.28066,1.3535,-0.02243,1.4872,0.88733,-0.97155
1.5,0.33087,1.4397,-0.016016,1.3673,0.8632,-0.91114
1.5,0.38434,1.5155,-0.010829,1.2902,0.82739,-0.7368
1.5,0.44081,1.5769,-0.0062088,1.2284,0.75558,-0.57419
1.5,0.5,1.6456,-0.00393,1.1572,0.73643,-0.58855
1.5,0.56163,1.703,-0.00018241,1.1202,0.72317,-0.51988
1.5,0.62539,1.761,-0.0028621,1.0469,0.68229,-0.43822
1.5,0.69098,1.8176,-0.0048663,0.97187,0.64743,-0.37814
1.5,0.75808,1.871,-0.0041552,0.85049,0.63144,-0.31493
1.5,0.82635,1.912,-0.0028057,0.76993,0.57063,-0.25751
1.5,0.89547,1.9439,-0.0021713,0.69167,0.54558,-0.12313
1.5,0.9651,1.9604,0.00085091,0.63807,0.51421,-0.028666
1.5,1.0349,1.9614,0.00079261,0.63722,0.5126,0.021517
1.5,1.1045,1.9466,-0.0018213,0.68595,0.54179,0.1118
1.5,1.1736,1.9169,-0.0029667,0.75818,0.5686,0.24588
1.5,1.2419,1.8756,-0.0037208,0.84655,0.62472,0.30881
1.5,1.309,1.8233,-0.0049152,0.96474,0.64865,0.37415
1.5,1.3746,1.7673,-0.0030867,1.0371,0.67726,0.43069
1.5,1.4384,1.7087,-0.00018414,1.109,0.71797,0.50874
1.5,1.5,1.6528,-0.003364,1.157,0.73518,0.59633
1.5,1.5592,1.5835,-0.0060919,1.2223,0.75391,0.57172
1.5,1.6157,1.5226,-0.010162,1.2801,0.82071,0.72059
1.5,1.6691,1.4479,-0.015041,1.3633,0.85907,0.8985
1.5,1.7193,1.3631,-0.021926,1.4779,0.88695,0.95773
1.5,1.766,1.2776,-0.0211,1.5139,0.8623,1.0049
1.5,1.809,1.1902,-0.021734,1.5003,0.85195,1.0156
1.5,1.848,1.0834,-0.02258,1.4943,0.87753,1.051
1.5,1.8829,0.95647,-0.023558,1.4781,0.91904,1.0776
1.5,1.9135,0.8259,-0.028237,1.4832,0.88368,0.87702
1.5,1.9397,0.59395,-0.031606,2.0308,0.68255,0.43718
1.5,1.9613,0.033586,0.011905,0.70114,0.3921,0.22094
1.5,1.9781,-3.2268e-05,0.00019671,0.086571,0.092779,-0.0024054
1.5,1.9903,-0.00011772,6.2917e-05,0.061849,0.029236,-0.00055246
1.5,1.9976,-0.00011662,1.1033e-05,0.047977,0.0046882,-6.7048e-05
1.5,2,1.4792e-06,5.8381e-09,0.00080745,5.1519e-07,-1.3681e-10
1.55,0,2.6248e-15,1.0779e-18,2.1384e-13,8.3067e-16,-4.9504e-30
1.55,0.0024359,-6.6977e-05,2.1784e-05,0.038246,0.0026079,1.9684e-05
1.55,0.0097319,-0.00011319,0.00016654,0.053211,0.018972,0.00021093
1.55,0.021852,-0.00024251,0.00049498,0.071356,0.053631,0.0013455
1.55,0.038738,0.00013267,-0.016307,0.36198,0.29661,-0.076365
1.55,0.060307,0.50672,-0.010153,1.8989,0.52108,-0.51656
1.55,0.086455,0.827,-0.038335,1.5485,0.84307,-0.61466
1.55,0.11705,0.96214,-0.033791,1.4391,0.92718,-0.98476
1.55,0.15195,1.0767,-0.029837,1.5,0.9166,-1.1547
1.55,0.19098,1.1797,-0.030194,1.5293,0.93706,-1.2131
1.55,0.23396,1.2685,-0.02438,1.5269,0.91135,-1.1562
1.55,0.28066,1.3568,-0.018312,1.4852,0.89899,-0.94573
1.55,0.33087,1.445,-0.010041,1.386,0.85293,-0.87787
1.55,0.38434,1.517,-0.0080775,1.3181,0.84232,-0.77817
1.55,0.44081,1.5818,-0.0050139,1.211,0.77903,-0.61166
1.55,0.5,1.6478,-0.0041885,1.165,0.74143,-0.53848
1.55,0.56163,1.7059,0.0030266,1.1204,0.69536,-0.47762
1.55,0.62539,1.7614,0.0021964,1.0423,0.67126,-0.48596
1.55,0.69098,1.8171,-0.0019653,0.95837,0.6454,-0.35146
1.55,0.75808,1.8695,-0.0040142,0.85158,0.61445,-0.2892
1.55,0.82635,1.9112,-0.0026799,0.76716,0.56765,-0.23902
1.55,0.89547,1.9441,-0.0025383,0.67488,0.53729,-0.13014
1.55,0.9651,1.9615,-0.00035411,0.63911,0.51105,-0.034074
1.55,1.0349,1.9627,-0.00019982,0.63808,0.50792,0.026837
1.55,1.1045,1.9465,-0.0025293,0.67026,0.53531,0.12026
1.55,1.1736,1.9157,-0.0026273,0.75468,0.56283,0.22686
1.55,1.2419,1.8738,-0.0043904,0.84345,0.61255,0.28754
1.55,1.309,1.822,-0.0022878,0.95345,0.64277,0.34034
1.55,1.3746,1.7675,0.0015972,1.0321,0.66727,0.47634
1.55,1.4384,1.7107,0.0034296,1.1214,0.6945,0.48877
1.55,1.5,1.6551,-0.0038391,1.1573,0.73531,0.52147
1.55,1.5592,1.5876,-0.0052937,1.2074,0.78034,0.61036
1.55,1.6157,1.5243,-0.007667,1.3011,0.83199,0.76027
1.55,1.6691,1.4522,-0.0098587,1.3799,0.85778,0.87568
1.55,1.7193,1.3659,-0.017302,1.4769,0.89101,0.92149
1.55,1.766,1.2763,-0.023617,1.5251,0.91055,1.1427
1.55,1.809,1.1891,-0.029904,1.5332,0.93603,1.2256
1.55,1.848,1.0884,-0.030058,1.4991,0.91628,1.1647
1.55,1.8829,0.97368,-0.033374,1.4453,0.92895,1.0064
1.55,1.9135,0.84374,-0.037735,1.5113,0.8581,0.67255
1.55,1.9397,0.57013,-0.01777,1.9999,0.54958,0.44127
1.55,1.9613,0.006293,-0.021318,0.43507,0.35118,0.10006
1.55,1.9781,-0.00028219,0.0006167,0.075794,0.05904,-0.0016511
1.55,1.9903,-0.0001236,0.00021232,0.05396,0.021451,-0.00025391
1.55,1.9976,-7.9833e-05,3.5104e-05,0.041538,0.0035491,-2.8457e-05
1.55,2,4.2649e-06,3.2058e-09,0.00069518,3.8945e-07,-6.3293e-11
1.6,0,2.6352e-15,5.8598e-18,2.1345e-13,8.0547e-16,1.0774e-29
1.6,0.0024359,0.000233,-3.0223e-06,0.037264,0.002054,-1.5704e-05
1.6,0.0097319,0.00030496,-2.3874e-05,0.051295,0.014972,-0.00016645
1.6,0.021852,0.00042845,-0.00010381,0.063232,0.04158,-0.00068602
1.6,0.038738,0.00083485,-0.0004024,0.24134,0.098362,-0.0058884
1.6,0.060307,0.39543,-0.024265,1.7902,0.41625,0.20084
1.6,0.086455,0.84859,-0.044025,1.5857,0.78943,-0.21811
1.6,0.11705,0.983,-0.026145,1.4386,0.85982,-0.79089
1.6,0.15195,1.0831,-0.022998,1.4862,0.88942,-0.99971
1.6,0.19098,1.1861,-0.026165,1.5507,0.92909,-1.1983
1.6,0.23396,1.2746,-0.022393,1.5298,0.91013,-1.1925
1.6,0.28066,1.3636,-0.017439,1.4622,0.90366,-1.0542
1.6,0.33087,1.4451,-0.0080026,1.3929,0.85792,-0.88855
1.6,0.38434,1.5184,-0.0027437,1.3459,0.82341,-0.79283
1.6,0.44081,1.5819,-0.0037551,1.2414,0.80389,-0.71719
1.6,0.5,1.6463,-0.0027142,1.1748,0.75014,-0.60015
1.6,0.56163,1.7085,0.0025519,1.1132,0.71354,-0.52405
1.6,0.62539,1.7627,0.0054621,1.0259,0.65633,-0.41207
1.6,0.69098,1.818,0.0031503,0.92819,0.6338,-0.31973
1.6,0.75808,1.8685,-0.0024444,0.84495,0.60515,-0.28106
1.6,0.82635,1.9138,-0.0018125,0.76354,0.56545,-0.197
1.6,0.89547,1.9421,-0.0011625,0.69027,0.53643,-0.097275
1.6,0.9651,1.9616,-0.00069766,0.64035,0.51136,-0.034277
1.6,1.0349,1.9626,-0.00066359,0.64045,0.50962,0.028111
1.6,1.1045,1.9449,-0.0010666,0.68319,0.53358,0.086805
1.6,1.1736,1.9182,-0.0015607,0.75487,0.56166,0.18658
1.6,1.2419,1.8728,-0.0030598,0.83793,0.60133,0.28182
1.6,1.309,1.8232,0.0028099,0.91894,0.63543,0.31349
1.6,1.3746,1.7684,0.0057326,1.0143,0.64836,0.39376
1.6,1.4384,1.7135,0.0032399,1.1087,0.70558,0.51702
1.6,1.5,1.6536,-0.0020468,1.1655,0.74745,0.59006
1.6,1.5592,1.5879,-0.0039238,1.2399,0.8026,0.71578
1.6,1.6157,1.5254,-0.0031181,1.3359,0.82179,0.78558
1.6,1.6691,1.4529,-0.0070007,1.3867,0.85605,0.88183
1.6,1.7193,1.3725,-0.016611,1.4571,0.90071,1.0346
1.6,1.766,1.2838,-0.022259,1.52,0.91162,1.1834
1.6,1.809,1.1956,-0.025732,1.5561,0.93226,1.2076
1.6,1.848,1.0931,-0.023424,1.4888,0.89199,1.0109
1.6,1.8829,0.99524,-0.025936,1.4365,0.86452,0.81874
1.6,1.9135,0.86671,-0.041433,1.5527,0.79637,0.29199
1.6,1.9397,0.50259,-0.041075,1.8917,0.51245,-0.30045
1.6,1.9613,0.00059083,-0.00041606,0.31694,0.10767,0.0077627
1.6,1.9781,0.00042386,-0.00011069,0.065642,0.045412,0.00082033
1.6,1.9903,0.00030712,-2.3902e-05,0.051837,0.016898,0.00019163
1.6,1.9976,0.00025355,-3.1501e-06,0.040456,0.002789,2.3964e-05
1.6,2,1.4105e-05,-1.9827e-09,0.00068251,3.0881e-07,3.43e-11
1.65,0,2.6514e-15,1.1389e-18,2.1351e-13,8.1711e-16,-1.7766e-29
1.65,0.0024359,-1.3361e-05,-8.1152e-06,0.037369,0.0018719,2.7202e-07
1.65,0.0097319,-2.539e-05,-4.4156e-05,0.051378,0.0135,7.6952e-06
1.65,0.021852,-6.1359e-05,-7.6575e-05,0.062936,0.03689,6.8624e-05
1.65,0.038738,-0.00051374,1.4048e-06,0.24213,0.098536,-0.0011803
1.65,0.060307,0.34555,0.019354,1.372,0.45777,-0.58633
1.65,0.086455,0.82688,-0.012505,1.5773,0.70012,-0.55588
1.65,0.11705,0.98713,-0.0191,1.4702,0.85839,-0.75893
1.65,0.15195,1.0875,-0.017924,1.4845,0.88087,-0.92706
1.65,0.19098,1.1862,-0.020874,1.5263,0.91703,-1.0545
1.65,0.23396,1.282,-0.021255,1.5102,0.89757,-1.0995
1.65,0.28066,1.3681,-0.012879,1.417,0.89323,-0.9787
1.65,0.33087,1.447,-0.0088513,1.3966,0.85823,-0.83848
1.65,0.38434,1.5211,-0.0033206,1.3409,0.84071,-0.7499
1.65,0.44081,1.5828,-0.0044663,1.2397,0.83313,-0.70546
1.65,0.5,1.6463,-0.0048157,1.1784,0.79172,-0.67006
1.65,0.56163,1.7125,-0.0010731,1.086,0.72822,-0.52416
1.65,0.62539,1.7631,0.0022271,1.0125,0.66862,-0.40442
1.65,0.69098,1.8185,-0.0019877,0.93713,0.63306,-0.33373
1.65,0.75808,1.8683,-0.0009533,0.86053,0.60113,-0.25019
1.65,0.82635,1.9159,3.5474e-05,0.75563,0.5739,-0.21112
1.65,0.89547,1.9428,-0.00073311,0.68179,0.53835,-0.10363
1.65,0.9651,1.9606,0.00037861,0.65509,0.50696,-0.026582
1.65,1.0349,1.9606,0.00022993,0.65531,0.5038,0.022863
1.65,1.1045,1.9445,-0.00071787,0.67505,0.53485,0.08974
1.65,1.1736,1.9187,0.00014013,0.74651,0.56934,0.20128
1.65,1.2419,1.8724,-0.00088704,0.85221,0.5992,0.24579
1.65,1.309,1.8229,-0.0019748,0.9304,0.63077,0.32256
1.65,1.3746,1.7674,0.0017927,1.0082,0.66557,0.39992
1.65,1.4384,1.717,-0.00076575,1.0771,0.71853,0.50733
1.65,1.5,1.6521,-0.0045687,1.1683,0.78619,0.66647
1.65,1.5592,1.5881,-0.0048711,1.2369,0.83211,0.7057
1.65,1.6157,1.5262,-0.0027271,1.3366,0.83813,0.7395
1.65,1.6691,1.4543,-0.0084085,1.394,0.85587,0.84847
1.65,1.7193,1.3763,-0.012982,1.4061,0.8968,0.96088
1.65,1.766,1.2905,-0.020572,1.4988,0.89405,1.0883
1.65,1.809,1.1955,-0.021443,1.5291,0.92265,1.0594
1.65,1.848,1.097,-0.018209,1.4906,0.88078,0.93821
1.65,1.8829,0.99826,-0.018501,1.4703,0.8643,0.7903
1.65,1.9135,0.84847,-0.01439,1.5467,0.72162,0.5582
1.65,1.9397,0.43153,0.016207,1.4931,0.48312,0.64382
1.65,1.9613,-0.00044687,0.0001555,0.31342,0.11093,0.0010268
1.65,1.9781,-4.011e-05,-6.4006e-05,0.065441,0.040234,-5.7936e-05
1.65,1.9903,-8.0089e-06,-4.5554e-05,0.051958,0.015214,-1.1502e-05
1.65,1.9976,-3.7183e-06,-9.9311e-06,0.040586,0.0025372,9.0652e-08
1.65,2,-3.0442e-06,-3.2956e-09,0.00067982,2.8378e-07,-6.7322e-12
1.7,0,2.6406e-15,3.585e-18,2.1363e-13,7.7646e-16,-1.2287e-29
1.7,0.0024359,-0.00017246,5.4747e-07,0.038525,0.0022267,-9.031e-06
1.7,0.0097319,-0.00021471,6.5271e-07,0.053053,0.016195,-0.00010406
1.7,0.021852,-0.00026948,4.9776e-06,0.066465,0.045746,-0.00048701
1.7,0.038738,-0.00030373,2.4612e-05,0.24499,0.12183,-0.0051951
1.7,0.060307,0.37632,-0.0029868,1.3716,0.50466,-0.57975
1.7,0.086455,0.80329,-0.014767,1.5733,0.73905,-0.79302
1.7,0.11705,0.98009,-0.02151,1.4359,0.8187,-0.76497
1.7,0.15195,1.0895,-0.02202,1.4785,0.89995,-0.95385
1.7,0.19098,1.1899,-0.017077,1.5072,0.90368,-0.99626
1.7,0.23396,1.2896,-0.0094843,1.4987,0.88642,-0.99964
1.7,0.28066,1.371,-0.0078707,1.4243,0.88585,-0.96272
1.7,0.33087,1.4468,-0.0028232,1.3778,0.83838,-0.87016
1.7,0.38434,1.5207,-0.0025884,1.3426,0.81157,-0.7452
1.7,0.44081,1.5823,-0.0030636,1.2503,0.79911,-0.66165
1.7,0.5,1.6513,-0.0025792,1.1684,0.77016,-0.5719
1.7,0.56163,1.7123,-0.0012759,1.0639,0.73221,-0.47806
1.7,0.62539,1.765,-0.002084,1.0067,0.66778,-0.43192
1.7,0.69098,1.8168,-0.0037402,0.95725,0.65635,-0.34569
1.7,0.75808,1.8708,-0.0030329,0.86169,0.60311,-0.27994
1.7,0.82635,1.9152,4.0574e-06,0.75777,0.57482,-0.20768
1.7,0.89547,1.9437,0.00037598,0.68788,0.55009,-0.1088
1.7,0.9651,1.9607,9.0567e-05,0.666,0.51998,-0.039793
1.7,1.0349,1.9606,-3.4125e-05,0.66485,0.51715,0.031943
1.7,1.1045,1.9451,0.00051794,0.68185,0.54682,0.097178
1.7,1.1736,1.9181,0.00014764,0.74763,0.57052,0.20166
1.7,1.2419,1.8747,-0.0025785,0.85302,0.60024,0.2755
1.7,1.309,1.8211,-0.0039989,0.9471,0.65256,0.33905
1.7,1.3746,1.7686,-0.0022806,1.0079,0.66632,0.42974
1.7,1.4384,1.7168,-0.0013614,1.056,0.72574,0.47255
1.7,1.5,1.6569,-0.0019607,1.1588,0.76436,0.57924
1.7,1.5592,1.5874,-0.0032255,1.2454,0.80035,0.66365
1.7,1.6157,1.5258,-0.0024373,1.3335,0.81107,0.74959
1.7,1.6691,1.4544,-0.0026837,1.3721,0.83548,0.84872
1.7,1.7193,1.3775,-0.0074465,1.4235,0.88281,0.96597
1.7,1.766,1.2979,-0.0090858,1.4883,0.88437,1.0091
1.7,1.809,1.1996,-0.016324,1.5085,0.90552,1.0115
1.7,1.848,1.0984,-0.021588,1.4796,0.90013,0.9747
1.7,1.8829,0.99198,-0.021506,1.4366,0.82556,0.77982
1.7,1.9135,0.82718,-0.016385,1.5417,0.75199,0.77514
1.7,1.9397,0.43545,-0.0032111,1.4884,0.55278,0.71686
1.7,1.9613,-0.00047908,0.00019838,0.3192,0.13455,0.0066953
1.7,1.9781,-0.00028357,-4.2852e-06,0.069457,0.050242,0.00055485
1.7,1.9903,-0.00022576,-4.7975e-06,0.05381,0.018318,0.00011596
1.7,1.9976,-0.0001899,-1.0521e-06,0.041829,0.0030288,1.3626e-05
1.7,2,-8.5715e-06,1.6051e-09,0.00071326,3.3301e-07,1.4974e-11
1.75,0,2.6416e-15,3.6422e-18,2.138e-13,7.9382e-16,-4.4978e-30
1.75,0.0024359,8.5597e-05,-2.3399e-06,0.034771,0.0021624,-4.7401e-07
1.75,0.0097319,0.00014141,-2.3706e-05,0.047553,0.015814,-1.4588e-05
1.75,0.021852,0.00018833,-8.7464e-05,0.057568,0.044878,-0.00032464
1.75,0.038738,0.00038017,-0.00035981,0.23803,0.1228,-0.0084769
1.75,0.060307,0.35935,-0.056587,1.4484,0.55955,-0.22247
1.75,0.086455,0.80046,-0.03301,1.5261,0.7685,-0.63507
1.75,0.11705,0.97432,-0.025694,1.4132,0.84954,-0.8664
1.75,0.15195,1.0875,-0.019597,1.445,0.89046,-0.91298
1.75,0.19098,1.1908,-0.013081,1.4785,0.91405,-1.0015
1.75,0.23396,1.288,-0.0076415,1.4719,0.8716,-0.93261
1.75,0.28066,1.3689,-0.0029344,1.4237,0.85314,-0.88023
1.75,0.33087,1.445,-1.1954e-05,1.3791,0.82745,-0.83714
1.75,0.38434,1.5171,-0.0016992,1.3553,0.81632,-0.82656
1.75,0.44081,1.5801,-0.0010807,1.2571,0.7868,-0.68604
1.75,0.5,1.6526,0.00262,1.1682,0.77596,-0.55087
1.75,0.56163,1.7102,0.0024557,1.0822,0.74422,-0.49459
1.75,0.62539,1.7643,-0.0018883,1.0128,0.69353,-0.45385
1.75,0.69098,1.8151,-0.0026756,0.95887,0.65426,-0.38179
1.75,0.75808,1.8675,0.00017359,0.87218,0.60315,-0.30212
1.75,0.82635,1.9118,0.00073628,0.76765,0.57692,-0.20684
1.75,0.89547,1.9438,0.0011208,0.68143,0.52828,-0.10428
1.75,0.9651,1.9616,-0.00065983,0.65036,0.50511,-0.023903
1.75,1.0349,1.963,-0.00059519,0.64755,0.50285,0.018529
1.75,1.1045,1.9469,0.00099153,0.67355,0.52697,0.09409
1.75,1.1736,1.9162,0.00047302,0.75871,0.57246,0.19736
1.75,1.2419,1.8729,-0.00011867,0.86298,0.59886,0.29674
1.75,1.309,1.8215,-0.0029241,0.9486,0.64989,0.36975
1.75,1.3746,1.7702,-0.0021045,1.0108,0.69038,0.4509
1.75,1.4384,1.717,0.0020905,1.0728,0.73836,0.47884
1.75,1.5,1.6605,0.0027372,1.1563,0.77155,0.55013
1.75,1.5592,1.587,-0.001375,1.2491,0.78602,0.68259
1.75,1.6157,1.525,-0.0014946,1.3464,0.81432,0.80799
1.75,1.6691,1.4531,-0.00050607,1.3758,0.82283,0.84112
1.75,1.7193,1.378,-0.002811,1.416,0.85625,0.86951
1.75,1.766,1.2988,-0.0073633,1.4688,0.86707,0.92803
1.75,1.809,1.2031,-0.012978,1.4732,0.91271,1.0055
1.75,1.848,1.0992,-0.019553,1.4525,0.8924,0.9345
1.75,1.8829,0.98827,-0.024581,1.4141,0.85006,0.88013
1.75,1.9135,0.82548,-0.031951,1.5154,0.77729,0.64169
1.75,1.9397,0.43855,-0.059606,1.4914,0.62726,0.22279
1.75,1.9613,0.00021132,-0.00021593,0.31414,0.13834,0.012275
1.75,1.9781,0.0001646,-5.7665e-05,0.059422,0.049237,0.00048768
1.75,1.9903,0.00011942,-1.0115e-05,0.047881,0.01787,2.6697e-05
1.75,1.9976,8.8319e-05,1.1066e-06,0.037668,0.0029387,1.4673e-06
1.75,2,2.5723e-06,1.4206e-10,0.00063601,3.2378e-07,-3.2432e-12
1.8,0,2.605e-15,-5.311e-18,2.1396e-13,7.872e-16,-3.0667e-30
1.8,0.0024359,6.4324e-05,6.0183e-07,0.034198,0.002085,1.1706e-05
1.8,0.0097319,6.8267e-05,-4.4688e-06,0.047462,0.015264,0.00012386
1.8,0.021852,-6.6291e-06,-1.782e-05,0.060674,0.043867,0.00048595
1.8,0.038738,-0.00022003,7.6182e-06,0.24556,0.13331,0.00078715
1.8,0.060307,0.27671,-0.013685,1.3584,0.52986,-0.70724
1.8,0.086455,0.77518,-0.028931,1.5521,0.7422,-0.74708
1.8,0.11705,0.98455,-0.022791,1.4071,0.83643,-0.69539
1.8,0.15195,1.0931,-0.012205,1.4427,0.87588,-0.88142
1.8,0.19098,1.1928,-0.0087414,1.4629,0.86599,-0.88616
1.8,0.23396,1.2898,-0.0068056,1.4637,0.84105,-0.89376
1.8,0.28066,1.3736,-0.0055498,1.4207,0.81628,-0.81716
1.8,0.33087,1.4455,-0.0025518,1.3959,0.82137,-0.86333
1.8,0.38434,1.5188,-0.0010917,1.3384,0.80029,-0.72454
1.8,0.44081,1.5808,0.0019136,1.2583,0.7796,-0.65035
1.8,0.5,1.6495,0.0063879,1.1815,0.76092,-0.55285
1.8,0.56163,1.7078,0.0019528,1.0985,0.73597,-0.49312
1.8,0.62539,1.7643,-0.00082241,1.0253,0.67443,-0.4381
1.8,0.69098,1.8171,-0.00056606,0.97004,0.63654,-0.38606
1.8,0.75808,1.8653,0.0011585,0.87056,0.60277,-0.32618
1.8,0.82635,1.9123,0.00039033,0.77425,0.55053,-0.20289
1.8,0.89547,1.9437,-0.00060395,0.68362,0.52034,-0.090417
1.8,0.9651,1.9635,0.00037312,0.64388,0.5025,-0.026912
1.8,1.0349,1.9644,0.00034159,0.64018,0.50325,0.020207
1.8,1.1045,1.9464,-0.00053363,0.67729,0.51641,0.078143
1.8,1.1736,1.9161,0.00054807,0.76386,0.5461,0.18926
1.8,1.2419,1.87,0.0010649,0.86193,0.59814,0.32062
1.8,1.309,1.8224,-0.00036267,0.95975,0.63445,0.37545
1.8,1.3746,1.7702,-0.0012969,1.0207,0.66894,0.44151
1.8,1.4384,1.7139,0.0016055,1.0921,0.73064,0.48446
1.8,1.5,1.6556,0.0062867,1.1755,0.76154,0.54718
1.8,1.5592,1.5875,0.0025568,1.2508,0.77944,0.64307
1.8,1.6157,1.5259,-0.0010227,1.327,0.79798,0.71251
1.8,1.6691,1.4526,-0.0028516,1.3921,0.82345,0.8722
1.8,1.7193,1.3813,-0.0050126,1.4103,0.81722,0.81044
1.8,1.766,1.2986,-0.0064167,1.4627,0.83844,0.89614
1.8,1.809,1.2032,-0.0084743,1.4639,0.86691,0.87224
1.8,1.848,1.1022,-0.011932,1.4506,0.87735,0.90207
1.8,1.8829,0.99682,-0.021196,1.4037,0.84328,0.70121
1.8,1.9135,0.80332,-0.029869,1.5306,0.7603,0.74592
1.8,1.9397,0.3433,-0.012966,1.4199,0.55791,0.76456
1.8,1.9613,-0.00021675,6.6628e-05,0.31812,0.15401,0.0013631
1.8,1.9781,-1.8605e-05,-6.7959e-06,0.063408,0.04835,-0.00054716
1.8,1.9903,6.4481e-05,-6.0777e-06,0.048051,0.017279,-0.00014323
1.8,1.9976,6.858e-05,1.18e-08,0.037137,0.0028377,-1.6938e-05
1.8,2,4.2003e-06,2.0775e-09,0.00062142,3.1135e-07,-3.573e-11
1.85,0,2.629e-15,-3.117e-18,2.1433e-13,7.8333e-16,-1.1217e-29
1.85,0.0024359,0.00018933,-9.0286e-07,0.03123,0.0017045,-1.971e-05
1.85,0.0097319,0.00025083,1.2262e-06,0.042884,0.012286,-0.00020901
1.85,0.021852,0.00028984,9.5226e-06,0.050711,0.032742,-0.0008007
1.85,0.038738,0.00051109,-7.1922e-05,0.22595,0.069703,-0.0042739
1.85,0.060307,0.00091667,-0.0010941,1.9339,0.15241,-0.036388
1.85,0.086455,0.78157,-0.047222,1.656,0.67418,-0.22168
1.85,0.11705,0.98781,-0.024488,1.428,0.82604,-0.77696
1.85,0.15195,1.1,-0.010233,1.4437,0.90938,-0.92344
1.85,0.19098,1.1959,-0.0018719,1.4425,0.87916,-0.93295
1.85,0.23396,1.2871,0.0017139,1.4883,0.86941,-0.87666
1.85,0.28066,1.371,-0.0019064,1.463,0.83055,-0.85407
1.85,0.33087,1.4449,-0.0019803,1.4239,0.84373,-0.89446
1.85,0.38434,1.521,-0.0012771,1.3334,0.79569,-0.71382
1.85,0.44081,1.5868,0.0028309,1.2623,0.74958,-0.61349
1.85,0.5,1.648,0.0058883,1.193,0.7408,-0.55296
1.85,0.56163,1.7081,0.0038165,1.1125,0.71797,-0.50211
1.85,0.62539,1.7671,-0.00073681,1.0341,0.6902,-0.44447
1.85,0.69098,1.8201,-0.00022862,0.98126,0.62916,-0.40139
1.85,0.75808,1.8689,0.0014825,0.87657,0.60311,-0.33397
1.85,0.82635,1.9126,0.0014102,0.77573,0.5695,-0.21654
1.85,0.89547,1.9432,0.00056736,0.69367,0.532,-0.13304
1.85,0.9651,1.964,-0.000678,0.63941,0.53204,-0.040224
1.85,1.0349,1.9639,-0.00065732,0.63501,0.5334,0.033201
1.85,1.1045,1.9449,0.00042194,0.68897,0.53255,0.12428
1.85,1.1736,1.9152,0.0010569,0.76461,0.5633,0.21052
1.85,1.2419,1.873,0.0016159,0.86291,0.60008,0.3229
1.85,1.309,1.8244,-0.00036579,0.97053,0.62508,0.39542
1.85,1.3746,1.7727,-0.0011835,1.0306,0.684,0.43716
1.85,1.4384,1.713,0.0035378,1.1051,0.71726,0.49441
1.85,1.5,1.6531,0.0054103,1.1864,0.74138,0.55389
1.85,1.5592,1.5917,0.0033732,1.2536,0.74816,0.60609
1.85,1.6157,1.5278,-0.0012407,1.3283,0.79022,0.70287
1.85,1.6691,1.4523,-0.0025501,1.4131,0.83898,0.89444
1.85,1.7193,1.3782,-0.0016706,1.4581,0.82785,0.85124
1.85,1.766,1.2959,0.0011199,1.4873,0.86729,0.87734
1.85,1.809,1.2058,-0.0018057,1.4489,0.8803,0.92903
1.85,1.848,1.1097,-0.0086238,1.4377,0.90428,0.91234
1.85,1.8829,1.0021,-0.022638,1.4252,0.84006,0.81786
1.85,1.9135,0.81765,-0.044413,1.6032,0.69658,0.30723
1.85,1.9397,0.0018585,-0.0012813,2.2016,0.17025,0.043174
1.85,1.9613,0.000556,6.6324e-05,0.29955,0.074828,0.0047143
1.85,1.9781,0.00031908,5.2663e-05,0.052366,0.035491,0.00091668
1.85,1.9903,0.00025343,1.6271e-05,0.043317,0.013855,0.00023811
1.85,1.9976,0.0001937,2.7745e-06,0.03392,0.002318,2.9114e-05
1.85,2,6.0902e-06,-8.8468e-10,0.00056604,2.5693e-07,5.0157e-11
1.9,0,2.5792e-15,-2.762e-18,2.1414e-13,7.8449e-16,7.0842e-30
1.9,0.0024359,0.00021632,-4.564e-06,0.031673,0.0016602,9.4009e-07
1.9,0.0097319,0.00031144,-2.5486e-05,0.04326,0.012179,2.3107e-05
1.9,0.021852,0.00032233,-6.9686e-05,0.049354,0.034846,0.00030971
1.9,0.038738,0.00037862,-0.00016956,0.22414,0.09331,0.0034819
1.9,0.060307,0.086673,-0.027046,1.5886,0.41984,-0.53383
1.9,0.086455,0.73954,-0.0063524,1.5982,0.63749,-0.73167
1.9,0.11705,0.99092,-0.0029683,1.5078,0.81776,-0.79532
1.9,0.15195,1.1005,0.00053581,1.4394,0.8769,-0.91243
1.9,0.19098,1.1968,0.0044456,1.4467,0.86565,-0.91299
1.9,0.23396,1.2868,0.010662,1.4813,0.84768,-0.88655
1.9,0.28066,1.3644,0.0048717,1.4764,0.82721,-0.85184
1.9,0.33087,1.4405,0.0010447,1.4339,0.82076,-0.86259
1.9,0.38434,1.5179,-0.00057987,1.3517,0.80103,-0.80568
1.9,0.44081,1.585,0.0019578,1.2605,0.772,-0.67416
1.9,0.5,1.6444,0.0021316,1.188,0.76139,-0.60914
1.9,0.56163,1.7068,0.0027699,1.1117,0.73489,-0.49852
1.9,0.62539,1.7646,0.0037349,1.0352,0.68041,-0.40099
1.9,0.69098,1.8224,0.0017681,0.96786,0.62811,-0.38332
1.9,0.75808,1.8739,0.00084874,0.86856,0.60829,-0.31619
1.9,0.82635,1.9123,0.0014134,0.76911,0.55704,-0.21584
1.9,0.89547,1.9425,0.00058363,0.69861,0.52252,-0.13139
1.9,0.9651,1.963,-0.00042166,0.64402,0.52313,-0.044773
1.9,1.0349,1.9641,-0.00041786,0.6406,0.52451,0.034725
1.9,1.1045,1.9452,0.00051631,0.69088,0.52281,0.12205
1.9,1.1736,1.9161,0.0014797,0.76234,0.55158,0.20475
1.9,1.2419,1.8786,0.00063905,0.85831,0.60441,0.31272
1.9,1.309,1.8271,0.001214,0.96142,0.62758,0.38187
1.9,1.3746,1.772,0.0039942,1.0282,0.67333,0.39384
1.9,1.4384,1.7136,0.0026217,1.0989,0.72925,0.48454
1.9,1.5,1.6502,0.0019133,1.1811,0.75934,0.60207
1.9,1.5592,1.5915,0.0022134,1.2515,0.77062,0.67048
1.9,1.6157,1.5259,-0.0010913,1.3475,0.79895,0.80154
1.9,1.6691,1.4486,0.00047768,1.4298,0.81868,0.85735
1.9,1.7193,1.3735,0.0044888,1.4695,0.8234,0.85972
1.9,1.766,1.2959,0.0098085,1.4876,0.84578,0.88621
1.9,1.809,1.2073,0.0051585,1.4476,0.86791,0.91351
1.9,1.848,1.1116,0.00094904,1.4388,0.87503,0.92139
1.9,1.8829,1.0039,-0.0027391,1.4987,0.82802,0.82399
1.9,1.9135,0.78049,-0.0072134,1.5896,0.66025,0.71662
1.9,1.9397,0.13858,-0.029567,1.6157,0.47325,0.6444
1.9,1.9613,0.00029607,-6.2966e-05,0.29883,0.10194,-0.0043657
1.9,1.9781,0.00032443,-4.1303e-05,0.05049,0.038334,-0.00039239
1.9,1.9903,0.00031151,-1.6742e-05,0.043562,0.013779,-3.0056e-05
1.9,1.9976,0.0002386,-2.7205e-06,0.034391,0.0022589,-1.3302e-06
1.9,2,2.1075e-06,-2.0812e-09,0.0005744,2.4794e-07,-3.9634e-12
1.95,0,2.5821e-15,-7.0723e-18,2.1372e-13,7.9841e-16,4.4033e-30
1.95,0.0024359,7.3131e-05,-1.137e-05,0.033898,0.0018848,-1.7827e-05
1.95,0.0097319,0.00011282,-8.6707e-05,0.046403,0.013681,-0.00017804
1.95,0.021852,0.00013551,-0.00022169,0.053527,0.037421,-0.00046371
1.95,0.038738,0.00026207,-0.00037467,0.22684,0.089943,-0.0014602
1.95,0.060307,0.11001,0.0045575,1.4692,0.47536,-0.23832
1.95,0.086455,0.72392,0.012783,1.6416,0.68942,-0.9311
1.95,0.11705,0.98882,0.0070139,1.5577,0.78607,-0.8556
1.95,0.15195,1.1056,0.010725,1.465,0.85745,-0.86125
1.95,0.19098,1.1962,0.010095,1.4662,0.8349,-0.8646
1.95,0.23396,1.2874,0.011657,1.4748,0.84445,-0.92699
1.95,0.28066,1.3634,0.0073091,1.4989,0.81252,-0.9002
1.95,0.33087,1.4355,0.0058152,1.4327,0.80852,-0.85043
1.95,0.38434,1.5131,0.0042372,1.3409,0.80215,-0.71732
1.95,0.44081,1.5829,0.0041674,1.2765,0.78785,-0.70201
1.95,0.5,1.6427,0.0033711,1.1844,0.7803,-0.61972
1.95,0.56163,1.7059,0.0020244,1.0906,0.72967,-0.46412
1.95,0.62539,1.7641,0.0059795,1.0226,0.66774,-0.3836
1.95,0.69098,1.8216,0.0060671,0.96467,0.62188,-0.31115
1.95,0.75808,1.8727,0.00060793,0.87077,0.59734,-0.3058
1.95,0.82635,1.914,-0.00027505,0.76057,0.55335,-0.19981
1.95,0.89547,1.9426,0.0014548,0.69805,0.52424,-0.10555
1.95,0.9651,1.9619,-0.00027325,0.63642,0.50891,-0.041105
1.95,1.0349,1.9624,-0.00030639,0.63628,0.50964,0.036607
1.95,1.1045,1.9445,0.0015942,0.68693,0.52256,0.099273
1.95,1.1736,1.9171,-4.8767e-05,0.7543,0.54827,0.18584
1.95,1.2419,1.8768,8.3789e-05,0.85642,0.59348,0.29937
1.95,1.309,1.826,0.0058738,0.95507,0.61815,0.31209
1.95,1.3746,1.7702,0.0064684,1.0171,0.66191,0.36914
1.95,1.4384,1.7117,0.0021598,1.0841,0.72409,0.45641
1.95,1.5,1.6489,0.0033846,1.1789,0.77936,0.5987
1.95,1.5592,1.5885,0.0042475,1.2665,0.78519,0.69565
1.95,1.6157,1.5211,0.0037751,1.3294,0.80318,0.72869
1.95,1.6691,1.4425,0.0059702,1.4297,0.80725,0.84499
1.95,1.7193,1.3712,0.0071578,1.4941,0.81343,0.8986
1.95,1.766,1.296,0.011018,1.48,0.84091,0.92291
1.95,1.809,1.2058,0.010495,1.4664,0.83296,0.87139
1.95,1.848,1.1159,0.010629,1.4723,0.85868,0.85894
1.95,1.8829,1.0028,0.0077031,1.5452,0.79199,0.86106
1.95,1.9135,0.76425,0.011873,1.6344,0.70045,0.91684
1.95,1.9397,0.18134,0.0086143,1.4969,0.51879,0.36788
1.95,1.9613,0.00039316,-0.00046008,0.29978,0.099502,0.0019145
1.95,1.9781,0.00014032,-0.00025562,0.054942,0.04083,0.00050934
1.95,1.9903,0.00011589,-0.0001089,0.046796,0.015455,0.00020096
1.95,1.9976,8.289e-05,-1.766e-05,0.036829,0.0025646,2.6892e-05
1.95,2,-2.2536e-06,-2.6813e-09,0.00061273,2.8151e-07,4.2275e-11
2,0,2.6005e-15,5.6654e-18,2.1376e-13,7.87e-16,-1.9797e-30
2,0.0024359,-0.00026995,-1.2216e-05,0.039425,0.0023234,-6.7888e-06
2,0.0097319,-0.00038382,-8.1647e-05,0.054198,0.017009,-6.5057e-05
2,0.021852,-0.00042636,-0.00024302,0.065405,0.048132,-3.8581e-05
2,0.038738,-0.000667,-0.00067688,0.24429,0.12959,-0.002739
2,0.060307,0.26346,0.020392,1.1829,0.56957,-0.53039
2,0.086455,0.71101,0.025101,1.6298,0.76976,-1.0469
2,0.11705,0.97887,0.016635,1.5226,0.76916,-0.81433
2,0.15195,1.1035,0.011684,1.4777,0.82867,-0.82316
2,0.19098,1.1986,0.010814,1.4873,0.85422,-0.84677
2,0.23396,1.2832,0.010027,1.5075,0.85395,-0.90905
2,0.28066,1.3638,0.0074626,1.4878,0.8386,-0.86881
2,0.33087,1.4367,0.0042471,1.4381,0.83669,-0.86496
2,0.38434,1.5085,0.0063561,1.3559,0.82658,-0.74326
2,0.44081,1.5822,0.0049736,1.2672,0.81019,-0.7428
2,0.5,1.6421,0.0054329,1.1852,0.74482,-0.57654
2,0.56163,1.7061,-0.00016584,1.0683,0.71439,-0.45925
2,0.62539,1.7661,0.0010831,1.0066,0.6725,-0.42036
2,0.69098,1.8225,0.0052902,0.9546,0.64927,-0.34368
2,0.75808,1.869,0.0014341,0.87849,0.6139,-0.30516
2,0.82635,1.9142,-0.00079053,0.76153,0.55739,-0.19623
2,0.89547,1.9437,-0.0018587,0.69198,0.54046,-0.13128
2,0.9651,1.9623,0.00012335,0.64594,0.52545,-0.053798
2,1.0349,1.9628,0.00032889,0.64236,0.52388,0.044071
2,1.1045,1.9454,-0.001726,0.68365,0.53769,0.12372
2,1.1736,1.9175,-0.0011384,0.7541,0.55467,0.18507
2,1.2419,1.8734,0.00091669,0.86905,0.60693,0.29854
2,1.309,1.8263,0.0051108,0.95241,0.646,0.33922
2,1.3746,1.7709,0.0014595,1.002,0.66714,0.40779
2,1.4384,1.7115,-0.00060701,1.0651,0.71098,0.44962
2,1.5,1.6479,0.005018,1.1762,0.74029,0.56675
2,1.5592,1.5886,0.0052209,1.261,0.80337,0.72562
2,1.6157,1.5152,0.0059278,1.3544,0.82953,0.75938
2,1.6691,1.4435,0.0038377,1.4325,0.83538,0.85038
2,1.7193,1.3704,0.0067828,1.483,0.838,0.87563
2,1.766,1.2915,0.010016,1.5055,0.85442,0.91001
2,1.809,1.2068,0.010399,1.4881,0.85159,0.86033
2,1.848,1.1143,0.011646,1.4803,0.83264,0.8229
2,1.8829,0.99445,0.015896,1.5177,0.77163,0.81201
2,1.9135,0.74806,0.024917,1.6324,0.77224,1.0438
2,1.9397,0.31338,0.020157,1.2559,0.61345,0.63235
2,1.9613,-0.00079991,-0.0005779,0.3176,0.14573,0.004604
2,1.9781,-0.00045452,-0.00021071,0.067904,0.052804,2.5232e-05
2,1.9903,-0.00039767,-7.5432e-05,0.054797,0.019217,6.7904e-05
2,1.9976,-0.00030162,-1.1732e-05,0.042835,0.003156,1.0436e-05
2,2,-8.5741e-06,-3.0352e-09,0.0007161,3.4757e-07,1.3019e-11
2.05,0,2.6147e-15,4.6923e-18,2.1379e-13,7.9086e-16,-3.6876e-30
2.05,0.0024359,-0.00032994,1.0953e-05,0.047115,0.0022052,-1.0164e-05
2.05,0.0097319,-0.00043276,8.4493e-05,0.064906,0.015964,-0.0001119
2.05,0.021852,-0.00053407,0.00023934,0.079594,0.043606,-0.00074919
2.05,0.038738,-0.00080393,0.00048343,0.25262,0.10798,-0.0054206
2.05,0.060307,0.33109,0.024529,1.4347,0.518,-0.586
2.05,0.086455,0.72493,0.026309,1.5804,0.80455,-1.0669
2.05,0.11705,0.96973,0.023229,1.5625,0.82692,-0.97046
2.05,0.15195,1.0959,0.017054,1.4925,0.84328,-0.85929
2.05,0.19098,1.1946,0.0080142,1.495,0.87019,-0.90681
2.05,0.23396,1.2845,0.0064197,1.4669,0.86466,-0.9154
2.05,0.28066,1.3605,0.0039789,1.4846,0.87693,-0.96775
2.05,0.33087,1.4337,0.0037794,1.416,0.83593,-0.86218
2.05,0.38434,1.5051,0.0010792,1.341,0.82351,-0.78358
2.05,0.44081,1.5788,0.0052523,1.2437,0.78872,-0.67196
2.05,0.5,1.6388,0.0048841,1.1782,0.77847,-0.64271
2.05,0.56163,1.702,-0.00022995,1.0763,0.72146,-0.52593
2.05,0.62539,1.7668,0.0010533,1.0101,0.68956,-0.43247
2.05,0.69098,1.823,0.0034891,0.93941,0.65382,-0.38382
2.05,0.75808,1.8687,0.0031993,0.87085,0.60341,-0.28894
2.05,0.82635,1.9136,0.0010854,0.76888,0.55657,-0.1956
2.05,0.89547,1.9435,-0.00048612,0.70339,0.55107,-0.13733
2.05,0.9651,1.963,0.00044044,0.66057,0.54647,-0.035966
2.05,1.0349,1.9633,0.00044889,0.66201,0.54554,0.02611
2.05,1.1045,1.9458,-0.000494,0.69571,0.55112,0.13162
2.05,1.1736,1.9172,0.00093094,0.76194,0.55511,0.19053
2.05,1.2419,1.8734,0.002827,0.85896,0.59862,0.28493
2.05,1.309,1.8274,0.0037996,0.93798,0.6484,0.37262
2.05,1.3746,1.7729,0.0016654,1.0018,0.68499,0.42824
2.05,1.4384,1.7082,-0.00031672,1.069,0.71619,0.5144
2.05,1.5,1.6456,0.0048182,1.1708,0.77186,0.62071
2.05,1.5592,1.5846,0.0053211,1.2402,0.79029,0.67117
2.05,1.6157,1.5126,0.0017325,1.3329,0.82121,0.76658
2.05,1.6691,1.4414,0.0034493,1.4076,0.83164,0.84926
2.05,1.7193,1.3677,0.0039858,1.4821,0.87438,0.97837
2.05,1.766,1.2935,0.0064498,1.4664,0.8674,0.92389
2.05,1.809,1.2044,0.0071034,1.4946,0.87362,0.90952
2.05,1.848,1.1058,0.016802,1.4954,0.84545,0.86355
2.05,1.8829,0.98635,0.022575,1.5455,0.82873,0.9474
2.05,1.9135,0.75717,0.026597,1.589,0.80923,1.0703
2.05,1.9397,0.38923,0.023001,1.4403,0.57885,0.73878
2.05,1.9613,-0.00052863,0.00023771,0.32309,0.11861,0.0069901
2.05,1.9781,-0.00055837,0.00022109,0.082369,0.047705,0.00091967
2.05,1.9903,-0.00042861,8.0903e-05,0.065653,0.018036,0.00012958
2.05,1.9976,-0.00034616,1.1227e-05,0.051125,0.0030032,1.5112e-05
2.05,2,-8.9319e-06,1.3162e-09,0.00086529,3.2868e-07,2.398e-11
2.1,0,2.6475e-15,-1.7234e-18,2.1399e-13,8.0016e-16,-8.1188e-30
2.1,0.0024359,-7.8312e-05,-4.4202e-06,0.049815,0.0032495,-2.5234e-05
2.1,0.0097319,-0.00010094,-3.4241e-05,0.069673,0.023553,-0.00029327
2.1,0.021852,-0.00011465,-0.00014736,0.089319,0.068157,-0.0016037
2.1,0.038738,0.026191,0.0026015,0.599,0.31687,-0.19324
2.1,0.060307,0.44358,0.027144,1.4938,0.65768,-0.92245
2.1,0.086455,0.7408,0.028559,1.5557,0.81708,-1.1015
2.1,0.11705,0.96629,0.018396,1.5346,0.81031,-1.0231
2.1,0.15195,1.099,0.016182,1.5005,0.8399,-0.89011
2.1,0.19098,1.1924,0.014583,1.5068,0.87532,-0.87737
2.1,0.23396,1.2831,0.0084365,1.4756,0.86989,-0.8782
2.1,0.28066,1.359,-0.00056319,1.4636,0.8711,-0.95523
2.1,0.33087,1.4294,-0.0010173,1.386,0.81634,-0.80524
2.1,0.38434,1.5049,0.0032033,1.3257,0.80164,-0.70079
2.1,0.44081,1.5745,0.0010501,1.2611,0.78463,-0.6955
2.1,0.5,1.6366,-0.00075334,1.193,0.77036,-0.62524
2.1,0.56163,1.6989,-0.00079175,1.0979,0.73165,-0.54425
2.1,0.62539,1.7639,-0.0016441,1.0071,0.67046,-0.47201
2.1,0.69098,1.82,0.00082155,0.9349,0.64792,-0.41487
2.1,0.75808,1.8692,0.0011654,0.86754,0.62134,-0.32298
2.1,0.82635,1.9143,0.0021661,0.7666,0.5808,-0.20813
2.1,0.89547,1.9426,0.0030498,0.7042,0.54295,-0.13694
2.1,0.9651,1.961,0.00096896,0.66947,0.53637,-0.054349
2.1,1.0349,1.9619,0.00060513,0.66848,0.53612,0.04148
2.1,1.1045,1.9448,0.0031393,0.69911,0.54131,0.13188
2.1,1.1736,1.9176,0.0025971,0.76002,0.5756,0.19956
2.1,1.2419,1.8738,0.0011511,0.85245,0.62089,0.311
2.1,1.309,1.8246,0.00071629,0.92785,0.64303,0.40305
2.1,1.3746,1.7701,-0.0016227,0.99662,0.66796,0.4649
2.1,1.4384,1.7047,-0.0010108,1.0892,0.72518,0.5362
2.1,1.5,1.6426,-0.00078859,1.1818,0.76636,0.61457
2.1,1.5592,1.5809,0.00086156,1.257,0.78432,0.69293
2.1,1.6157,1.5118,0.002788,1.3178,0.80358,0.7065
2.1,1.6691,1.4356,-0.0010196,1.3816,0.81567,0.79023
2.1,1.7193,1.3661,-0.0014602,1.4575,0.86797,0.9546
2.1,1.766,1.2905,0.0081669,1.475,0.87046,0.89137
2.1,1.809,1.201,0.014049,1.504,0.87666,0.87674
2.1,1.848,1.11,0.016085,1.5034,0.84548,0.88304
2.1,1.8829,0.98265,0.016954,1.5288,0.8097,1.0088
2.1,1.9135,0.76798,0.027652,1.5587,0.82313,1.1083
2.1,1.9397,0.47898,0.027914,1.5034,0.68126,0.9609
2.1,1.9613,0.074582,0.0044684,0.75957,0.36587,0.28913
2.1,1.9781,-0.00012489,-0.00020178,0.093869,0.07572,0.0019868
2.1,1.9903,-7.9208e-05,-4.6076e-05,0.070765,0.026639,0.00033953
2.1,1.9976,-6.945e-05,-7.6028e-06,0.054119,0.0044125,3.8046e-05
2.1,2,-2.3735e-06,-2.3392e-09,0.00090592,4.8991e-07,5.4434e-11
2.15,0,2.6358e-15,-8.0474e-18,2.1418e-13,7.9134e-16,-4.3332e-31
2.15,0.0024359,-0.0003297,3.1525e-06,0.053918,0.0028091,-5.7514e-05
2.15,0.0097319,-0.00044196,2.5728e-05,0.073844,0.020337,-0.00056526
2.15,0.021852,-0.00068941,-6.1547e-05,0.087306,0.055285,-0.0016209
2.15,0.038738,-0.0014129,-0.00065399,0.27736,0.14983,-0.011378
2.15,0.060307,0.48364,0.034996,1.6816,0.72565,-1.273
2.15,0.086455,0.75405,0.026576,1.5861,0.8445,-1.1644
2.15,0.11705,0.95574,0.01543,1.5527,0.84009,-1.0815
2.15,0.15195,1.097,0.008626,1.5213,0.87534,-1.0275
2.15,0.19098,1.192,0.0049197,1.489,0.8911,-0.998
2.15,0.23396,1.2831,0.0038265,1.4626,0.85069,-0.85416
2.15,0.28066,1.3584,0.0021566,1.4512,0.84064,-0.87341
2.15,0.33087,1.4326,0.0017707,1.3686,0.80263,-0.71503
2.15,0.38434,1.504,-0.0020326,1.3233,0.77829,-0.67195
2.15,0.44081,1.5734,-0.0045899,1.2696,0.77528,-0.72184
2.15,0.5,1.6373,-0.0040777,1.1843,0.75164,-0.68477
2.15,0.56163,1.7003,-0.0030642,1.0963,0.71521,-0.54436
2.15,0.62539,1.7635,-0.0033499,1.036,0.68287,-0.5074
2.15,0.69098,1.8202,-0.0041271,0.93582,0.67123,-0.44145
2.15,0.75808,1.8693,-0.0022855,0.87086,0.63459,-0.35028
2.15,0.82635,1.9162,0.0014206,0.75536,0.59792,-0.22543
2.15,0.89547,1.9432,0.0021461,0.71486,0.53745,-0.14125
2.15,0.9651,1.9579,0.00071056,0.69018,0.54189,-0.063923
2.15,1.0349,1.9572,0.00058003,0.6873,0.54068,0.052562
2.15,1.1045,1.9437,0.0019763,0.71235,0.53578,0.13513
2.15,1.1736,1.9182,0.001872,0.74654,0.58959,0.21606
2.15,1.2419,1.8723,-0.0018423,0.85946,0.62921,0.33699
2.15,1.309,1.8235,-0.0037967,0.93189,0.66744,0.43864
2.15,1.3746,1.7678,-0.0034674,1.0255,0.67989,0.503
2.15,1.4384,1.7046,-0.0029476,1.0964,0.71277,0.54032
2.15,1.5,1.6426,-0.0037571,1.171,0.74447,0.6734
2.15,1.5592,1.5787,-0.0044537,1.2666,0.77367,0.72629
2.15,1.6157,1.509,-0.0029681,1.3212,0.78018,0.69004
2.15,1.6691,1.4383,0.0021811,1.3675,0.79857,0.69798
2.15,1.7193,1.3648,0.0021909,1.4436,0.83876,0.86848
2.15,1.766,1.2898,0.0034673,1.462,0.85169,0.87184
2.15,1.809,1.2,0.0048411,1.4909,0.88747,0.97594
2.15,1.848,1.1075,0.0083191,1.5167,0.88052,1.0241
2.15,1.8829,0.97134,0.01394,1.5524,0.84099,1.0882
2.15,1.9135,0.77673,0.025492,1.5933,0.84716,1.1733
2.15,1.9397,0.5153,0.036148,1.6618,0.7503,1.3009
2.15,1.9613,-0.00088175,-0.00012253,0.37617,0.17158,0.02205
2.15,1.9781,-0.00071533,-1.8004e-05,0.090476,0.060513,0.0017125
2.15,1.9903,-0.00046133,2.4981e-05,0.074694,0.022946,0.00063307
2.15,1.9976,-0.00036494,3.5137e-06,0.058592,0.0038159,8.504e-05
2.15,2,-1.2857e-05,8.0526e-11,0.00098846,4.2133e-07,1.4827e-10
2.2,0,2.6434e-15,-3.9303e-18,2.1416e-13,7.4266e-16,-5.2135e-30
2.2,0.0024359,0.00021807,3.3953e-06,0.048086,0.0070722,8.6266e-05
2.2,0.0097319,0.00031112,-2.0356e-06,0.066787,0.057612,0.00060411
2.2,0.021852,-0.022829,0.013633,0.37985,0.22681,0.052684
2.2,0.038738,0.1539,0.011827,1.2027,0.50455,-0.51596
2.2,0.060307,0.51554,0.018922,1.8158,0.74073,-1.1521
2.2,0.086455,0.75286,0.0095055,1.5272,0.84992,-1.0976
2.2,0.11705,0.947,-0.0028524,1.5871,0.87071,-1.0697
2.2,0.15195,1.0966,-0.001774,1.4931,0.84056,-0.93351
2.2,0.19098,1.1932,0.00013197,1.4654,0.83656,-0.82216
2.2,0.23396,1.2819,0.0026201,1.4483,0.83752,-0.77662
2.2,0.28066,1.3591,0.00089145,1.4608,0.83949,-0.80413
2.2,0.33087,1.4348,-0.0021811,1.3446,0.80065,-0.74584
2.2,0.38434,1.5015,-0.0031453,1.323,0.79102,-0.73056
2.2,0.44081,1.5724,-0.0046874,1.2768,0.77103,-0.76067
2.2,0.5,1.6345,-0.0064589,1.1948,0.75977,-0.72473
2.2,0.56163,1.7007,-0.0052724,1.0979,0.70587,-0.61047
2.2,0.62539,1.7625,-0.0033745,1.0355,0.66641,-0.4974
2.2,0.69098,1.8204,-0.0068875,0.93473,0.65752,-0.41711
2.2,0.75808,1.8698,-0.0041158,0.87136,0.62554,-0.35911
2.2,0.82635,1.9135,-0.0023557,0.7621,0.5678,-0.23984
2.2,0.89547,1.9431,0.00098697,0.72156,0.52916,-0.11724
2.2,0.9651,1.9563,0.00095217,0.68892,0.51074,-0.040714
2.2,1.0349,1.9564,0.00079878,0.68796,0.51107,0.029887
2.2,1.1045,1.9446,0.0010974,0.72173,0.52308,0.10671
2.2,1.1736,1.9168,-0.0021606,0.75492,0.56372,0.22998
2.2,1.2419,1.8736,-0.0036997,0.86493,0.61978,0.3542
2.2,1.309,1.8256,-0.0066752,0.92997,0.65694,0.4035
2.2,1.3746,1.7679,-0.0039053,1.0253,0.66304,0.48807
2.2,1.4384,1.7072,-0.0046648,1.0942,0.70051,0.59759
2.2,1.5,1.6411,-0.0064201,1.1819,0.75642,0.71607
2.2,1.5592,1.579,-0.0050869,1.2711,0.76983,0.76045
2.2,1.6157,1.5081,-0.002415,1.3193,0.78548,0.73481
2.2,1.6691,1.4414,-0.0023102,1.3411,0.80503,0.73049
2.2,1.7193,1.367,0.00023056,1.4514,0.83507,0.80288
2.2,1.766,1.289,0.0021371,1.4539,0.83868,0.77668
2.2,1.809,1.2022,0.00035702,1.4595,0.83791,0.81781
2.2,1.848,1.108,-0.0012931,1.4892,0.83689,0.91587
2.2,1.8829,0.96476,-0.0036256,1.5771,0.86903,1.0668
2.2,1.9135,0.77356,0.0083524,1.539,0.85539,1.0959
2.2,1.9397,0.54257,0.018445,1.7668,0.76112,1.1609
2.2,1.9613,0.19774,0.01266,1.3852,0.53067,0.62546
2.2,1.9781,-0.025885,0.016421,0.38645,0.24843,-0.049806
2.2,1.9903,0.00031683,1.7524e-05,0.07113,0.067165,-0.00055951
2.2,1.9976,0.00023228,8.0002e-06,0.052165,0.0096231,-0.00012514
2.2,2,8.0367e-07,5.2136e-09,0.00087896,1.0654e-06,-2.6462e-10
2.25,0,2.6735e-15,-5.8912e-19,2.14e-13,7.9349e-16,2.5173e-30
2.25,0.0024359,0.00027578,6.2932e-06,0.049548,0.0041775,4.8012e-05
2.25,0.0097319,0.00037448,2.8856e-05,0.069067,0.031619,0.00051651
2.25,0.021852,0.00043179,0.00026097,0.11743,0.11699,-0.00073194
2.25,0.038738,0.12963,-0.0016616,1.0353,0.49278,-0.35002
2.25,0.060307,0.52541,-0.016645,1.8524,0.71466,-0.65889
2.25,0.086455,0.76338,-0.0098281,1.5221,0.82891,-1.0132
2.25,0.11705,0.94253,-0.0073948,1.5785,0.86303,-0.98429
2.25,0.15195,1.0933,-0.0049718,1.4935,0.86232,-0.88424
2.25,0.19098,1.1994,0.00032818,1.4458,0.84858,-0.79596
2.25,0.23396,1.2825,0.0043542,1.4591,0.84882,-0.75248
2.25,0.28066,1.3566,0.0052495,1.46,0.82028,-0.764
2.25,0.33087,1.436,-0.0025595,1.3546,0.82237,-0.75083
2.25,0.38434,1.5016,-0.0040217,1.3361,0.8066,-0.81398
2.25,0.44081,1.5712,-0.00777,1.2806,0.77487,-0.77523
2.25,0.5,1.6342,-0.0096306,1.2,0.76014,-0.70423
2.25,0.56163,1.7027,-0.0053314,1.1248,0.71496,-0.60554
2.25,0.62539,1.7629,0.0019881,1.0409,0.66165,-0.48999
2.25,0.69098,1.819,-0.003106,0.94257,0.64791,-0.43626
2.25,0.75808,1.8705,-0.0024952,0.85918,0.61622,-0.3394
2.25,0.82635,1.9129,-0.0010617,0.77651,0.56535,-0.23598
2.25,0.89547,1.9419,0.00069556,0.70433,0.52543,-0.10842
2.25,0.9651,1.9572,-0.0016694,0.68333,0.50625,-0.04797
2.25,1.0349,1.958,-0.0015421,0.68361,0.50337,0.039656
2.25,1.1045,1.9437,0.00034605,0.70277,0.52254,0.097888
2.25,1.1736,1.917,-0.0010159,0.7625,0.56094,0.22127
2.25,1.2419,1.8746,-0.0020681,0.85145,0.60945,0.32937
2.25,1.309,1.8249,-0.0036891,0.93362,0.64692,0.42685
2.25,1.3746,1.7683,0.0019928,1.0339,0.65883,0.47584
2.25,1.4384,1.7088,-0.0039407,1.122,0.70798,0.59508
2.25,1.5,1.6406,-0.009607,1.1855,0.75713,0.69516
2.25,1.5592,1.579,-0.0081013,1.2719,0.76792,0.77388
2.25,1.6157,1.5071,-0.0043293,1.3348,0.8065,0.81697
2.25,1.6691,1.4426,-0.002928,1.3442,0.82138,0.75873
2.25,1.7193,1.3647,0.004655,1.4553,0.8211,0.76121
2.25,1.766,1.2899,0.0049074,1.4645,0.8458,0.75805
2.25,1.809,1.2077,0.00059301,1.4468,0.84834,0.7807
2.25,1.848,1.1055,-0.0044638,1.4759,0.8626,0.86804
2.25,1.8829,0.95954,-0.0071984,1.5696,0.86201,0.96994
2.25,1.9135,0.78195,-0.0099353,1.5256,0.83888,1.0311
2.25,1.9397,0.55558,-0.015721,1.8018,0.73665,0.69551
2.25,1.9613,0.1735,-0.0013298,1.2555,0.5158,0.45067
2.25,1.9781,0.00047951,3.3917e-05,0.15561,0.1405,0.0016292
2.25,1.9903,0.0003794,1.6781e-05,0.070068,0.03613,-0.00060178
2.25,1.9976,0.00030184,3.8845e-06,0.053823,0.0056735,-6.9777e-05
2.25,2,8.4935e-06,5.7379e-09,0.00089989,6.3072e-07,-1.4383e-10
2.3,0,2.6461e-15,-5.2191e-18,2.1413e-13,8.1005e-16,1.1832e-29
2.3,0.0024359,-4.2563e-05,-2.5828e-05,0.043803,0.0037455,3.5812e-05
2.3,0.0097319,-0.00011657,-0.00018474,0.061833,0.028358,0.00045524
2.3,0.021852,-0.00034515,-0.00041629,0.097073,0.10221,0.0048997
2.3,0.038738,0.058521,0.013022,1.0693,0.37095,-0.19209
2.3,0.060307,0.54834,-0.017274,1.9294,0.6974,-0.49982
2.3,0.086455,0.78266,-0.0012391,1.4992,0.82565,-0.87182
2.3,0.11705,0.95284,0.0043193,1.5824,0.87166,-1.0922
2.3,0.15195,1.0892,0.0059852,1.4923,0.80836,-0.80315
2.3,0.19098,1.2002,-0.0033321,1.4247,0.86829,-0.78569
2.3,0.23396,1.2809,-0.0033022,1.4365,0.85442,-0.89493
2.3,0.28066,1.3562,-0.0026625,1.4642,0.85241,-0.84219
2.3,0.33087,1.4332,-0.0022198,1.4002,0.83163,-0.80512
2.3,0.38434,1.5015,-0.0019097,1.3508,0.8055,-0.80444
2.3,0.44081,1.5689,-0.0035104,1.2899,0.7778,-0.80973
2.3,0.5,1.6345,-0.0073289,1.1973,0.76363,-0.68353
2.3,0.56163,1.7079,-0.0053385,1.0981,0.73708,-0.59301
2.3,0.62539,1.7655,-0.0013226,1.0341,0.69397,-0.52562
2.3,0.69098,1.8159,-0.0026717,0.96025,0.66581,-0.46306
2.3,0.75808,1.8701,-0.003616,0.84808,0.61195,-0.321
2.3,0.82635,1.9125,0.00066944,0.79198,0.55871,-0.22436
2.3,0.89547,1.9401,-0.0015139,0.69898,0.54338,-0.14114
2.3,0.9651,1.9573,-0.00048878,0.68094,0.5248,-0.043087
2.3,1.0349,1.9583,-0.00027741,0.68122,0.5232,0.037324
2.3,1.1045,1.9421,-0.0014318,0.69607,0.54151,0.13068
2.3,1.1736,1.9166,0.00062285,0.77765,0.55681,0.21426
2.3,1.2419,1.8746,-0.0035558,0.83827,0.60694,0.31189
2.3,1.309,1.8217,-0.0034492,0.95125,0.66564,0.45627
2.3,1.3746,1.7698,-0.0010783,1.0266,0.69161,0.51905
2.3,1.4384,1.7143,-0.0047684,1.0925,0.73142,0.57694
2.3,1.5,1.6408,-0.0074655,1.1855,0.767,0.67545
2.3,1.5592,1.5761,-0.0039325,1.2837,0.77555,0.80845
2.3,1.6157,1.5073,-0.001658,1.3437,0.80522,0.80091
2.3,1.6691,1.4405,-0.0029109,1.3902,0.83116,0.80399
2.3,1.7193,1.3638,-0.0022988,1.4596,0.85297,0.83214
2.3,1.766,1.2893,-0.0039068,1.4447,0.85488,0.89587
2.3,1.809,1.2092,-0.0035259,1.4191,0.87088,0.80711
2.3,1.848,1.1021,0.0052119,1.4752,0.8075,0.78718
2.3,1.8829,0.96774,0.0041926,1.5739,0.87064,1.0584
2.3,1.9135,0.79998,-0.00021959,1.5009,0.83452,0.91226
2.3,1.9397,0.58207,-0.013557,1.8844,0.71488,0.56289
2.3,1.9613,0.10716,0.0045871,1.2588,0.38053,0.2651
2.3,1.9781,-0.00045066,-0.00053428,0.10393,0.11927,-0.0060054
2.3,1.9903,-0.00012653,-0.00022145,0.063148,0.032316,-0.00055082
2.3,1.9976,-4.7319e-05,-3.743e-05,0.047578,0.0050921,-5.1927e-05
2.3,2,2.0713e-06,-4.3591e-09,0.00079673,5.5934e-07,-1.076e-10
2.35,0,2.6419e-15,-7.9017e-18,2.1425e-13,8.0539e-16,1.5004e-29
2.35,0.0024359,-0.00034086,-9.264e-06,0.046489,0.0027902,-3.9103e-05
2.35,0.0097319,-0.00047403,-5.6525e-05,0.063508,0.020463,-0.00037316
2.35,0.021852,-0.00050454,-0.00022772,0.074336,0.062917,-0.001298
2.35,0.038738,0.030553,0.00055746,0.47632,0.2473,-0.07382
2.35,0.060307,0.56403,0.013249,2.0771,0.64306,-0.91362
2.35,0.086455,0.79426,0.011624,1.5146,0.82289,-0.91821
2.35,0.11705,0.95473,0.0073631,1.5681,0.84717,-1.0177
2.35,0.15195,1.0903,0.0030962,1.4999,0.82688,-0.85035
2.35,0.19098,1.198,-0.0044234,1.4432,0.85649,-0.87074
2.35,0.23396,1.2787,-0.0072321,1.4299,0.87096,-0.87531
2.35,0.28066,1.36,-0.0062598,1.4271,0.86666,-0.89389
2.35,0.33087,1.4345,-0.0047221,1.3927,0.84622,-0.84701
2.35,0.38434,1.4999,-0.0018104,1.3472,0.80767,-0.7936
2.35,0.44081,1.568,-8.6202e-05,1.289,0.79044,-0.71211
2.35,0.5,1.6388,-0.0012225,1.1854,0.75697,-0.66656
2.35,0.56163,1.7081,-0.0016445,1.0858,0.74075,-0.55484
2.35,0.62539,1.7662,-0.0038284,1.0293,0.68627,-0.53296
2.35,0.69098,1.8126,-0.0022791,0.96161,0.63437,-0.42774
2.35,0.75808,1.8714,-0.0025463,0.85255,0.58876,-0.29489
2.35,0.82635,1.9124,0.00043147,0.78543,0.552,-0.19373
2.35,0.89547,1.9417,-0.003514,0.69935,0.53779,-0.13531
2.35,0.9651,1.9579,-0.00077405,0.67088,0.51262,-0.053827
2.35,1.0349,1.9584,-0.00041693,0.67034,0.51235,0.042664
2.35,1.1045,1.944,-0.0033884,0.69134,0.53361,0.12468
2.35,1.1736,1.9155,0.0001575,0.78007,0.55156,0.18842
2.35,1.2419,1.8759,-0.002116,0.8445,0.58503,0.28343
2.35,1.309,1.8183,-0.0023385,0.94595,0.62883,0.41606
2.35,1.3746,1.7707,-0.0035859,1.0206,0.6796,0.51807
2.35,1.4384,1.7147,-0.0016589,1.0795,0.73719,0.54234
2.35,1.5,1.646,-0.0012594,1.1763,0.75488,0.66319
2.35,1.5592,1.575,-0.00029153,1.2769,0.78708,0.71165
2.35,1.6157,1.5065,-0.0015162,1.3445,0.8036,0.77954
2.35,1.6691,1.4415,-0.0043061,1.3881,0.84751,0.84357
2.35,1.7193,1.3683,-0.0057828,1.4243,0.86642,0.88505
2.35,1.766,1.287,-0.0067288,1.4258,0.86577,0.87786
2.35,1.809,1.2074,-0.0052783,1.4445,0.86254,0.88445
2.35,1.848,1.101,0.0032962,1.4904,0.82425,0.83772
2.35,1.8829,0.96986,0.0070864,1.5628,0.84668,1.0057
2.35,1.9135,0.81145,0.01163,1.5103,0.82886,0.9279
2.35,1.9397,0.59557,0.013053,2.0168,0.66871,0.9237
2.35,1.9613,0.070685,0.0016833,0.67144,0.28915,0.13738
2.35,1.9781,-0.00047687,-0.00027415,0.077445,0.070355,0.0015647
2.35,1.9903,-0.00047263,-6.3383e-05,0.064062,0.023198,0.00042067
2.35,1.9976,-0.00037282,-1.2298e-05,0.050517,0.0037877,5.7774e-05
2.35,2,-6.6372e-06,-4.3908e-09,0.00083999,4.2238e-07,1.0207e-10
2.4,0,2.6151e-15,1.3323e-18,2.1448e-13,8.182e-16,-7.3785e-30
2.4,0.0024359,-0.00015195,3.4863e-05,0.059025,0.0040672,-1.941e-05
2.4,0.0097319,-0.00014848,0.00026499,0.083652,0.029929,-0.00027927
2.4,0.021852,-0.0002313,0.00088746,0.11017,0.10025,-0.002618
2.4,0.038738,0.18785,0.018556,1.2875,0.49309,-0.62023
2.4,0.060307,0.56921,0.023494,2.0563,0.71184,-1.2043
2.4,0.086455,0.7926,0.010418,1.5116,0.85473,-1.0201
2.4,0.11705,0.94945,0.0037678,1.5138,0.85604,-1.0291
2.4,0.15195,1.0876,-0.0057327,1.513,0.85068,-0.97346
2.4,0.19098,1.1998,-0.0081779,1.4731,0.85223,-0.87511
2.4,0.23396,1.2835,-0.0065878,1.4413,0.85178,-0.828
2.4,0.28066,1.3666,-0.00080631,1.3979,0.83627,-0.80725
2.4,0.33087,1.4376,-0.0016086,1.3806,0.82032,-0.76909
2.4,0.38434,1.5038,-0.001579,1.3369,0.81246,-0.72717
2.4,0.44081,1.5694,-0.00016014,1.2659,0.78898,-0.6653
2.4,0.5,1.639,0.0021164,1.1825,0.75076,-0.58666
2.4,0.56163,1.7048,-0.0015207,1.0929,0.71201,-0.53757
2.4,0.62539,1.7651,-0.0039175,1.0108,0.68579,-0.46153
2.4,0.69098,1.8127,-0.0027109,0.94283,0.63551,-0.39803
2.4,0.75808,1.872,-0.00076794,0.85057,0.59207,-0.34474
2.4,0.82635,1.9114,-0.00019416,0.77203,0.55635,-0.22278
2.4,0.89547,1.9424,-0.0023595,0.7032,0.54444,-0.14494
2.4,0.9651,1.9579,-0.0025394,0.66652,0.51817,-0.052866
2.4,1.0349,1.9581,-0.0021513,0.66204,0.51677,0.043673
2.4,1.1045,1.9446,-0.0026554,0.69743,0.54445,0.13574
2.4,1.1736,1.9143,-0.00022905,0.76641,0.55559,0.21359
2.4,1.2419,1.8764,-0.00061632,0.84299,0.58635,0.33339
2.4,1.309,1.8184,-0.0020935,0.92887,0.63086,0.38959
2.4,1.3746,1.7695,-0.00412,1.0065,0.68222,0.46293
2.4,1.4384,1.7112,-0.0014218,1.0871,0.70844,0.53316
2.4,1.5,1.6457,0.0016624,1.172,0.74425,0.57895
2.4,1.5592,1.5758,0.00015467,1.2584,0.79074,0.6652
2.4,1.6157,1.5094,-0.0011633,1.3334,0.80616,0.72842
2.4,1.6691,1.4444,-0.0015902,1.3833,0.81863,0.75774
2.4,1.7193,1.3736,-0.00084761,1.39,0.83337,0.80331
2.4,1.766,1.2911,-0.0052447,1.4413,0.85205,0.82634
2.4,1.809,1.2093,-0.0081782,1.4714,0.84854,0.86405
2.4,1.848,1.0998,-0.0060514,1.5086,0.85327,0.96312
2.4,1.8829,0.96409,0.0027679,1.5221,0.85344,1.0374
2.4,1.9135,0.81037,0.0094182,1.4977,0.86302,1.0179
2.4,1.9397,0.59435,0.022876,1.9725,0.73145,1.1795
2.4,1.9613,0.23179,0.022223,1.5014,0.52295,0.77597
2.4,1.9781,-3.7043e-05,0.0010865,0.11634,0.11746,0.0040926
2.4,1.9903,-0.00015022,0.00029654,0.085197,0.033976,0.00033778
2.4,1.9976,-0.00016075,4.5652e-05,0.064156,0.0055231,3.0535e-05
2.4,2,-1.0289e-05,4.8668e-09,0.0010731,6.1279e-07,2.3525e-11
2.45,0,2.5976e-15,-2.537e-18,2.145e-13,7.7354e-16,-1.2911e-29
2.45,0.0024359,3.9823e-05,-1.0069e-05,0.057781,0.0056935,-0.00012818
2.45,0.0097319,4.4373e-05,-0.00011337,0.08253,0.042291,-0.0015938
2.45,0.021852,0.00026552,-0.00052681,0.14049,0.1317,-0.016931
2.45,0.038738,0.27282,-0.030304,1.7525,0.45256,0.11596
2.45,0.060307,0.58482,-0.0016891,2.1122,0.69001,-0.79526
2.45,0.086455,0.79056,0.0037431,1.5275,0.84574,-0.98502
2.45,0.11705,0.95497,-0.0042929,1.5383,0.88481,-1.0213
2.45,0.15195,1.0933,-0.0023408,1.5254,0.84428,-0.95387
2.45,0.19098,1.1985,-0.0060741,1.4634,0.86017,-0.90325
2.45,0.23396,1.289,-0.0065553,1.4412,0.83453,-0.87986
2.45,0.28066,1.3638,-0.0019951,1.422,0.82148,-0.82807
2.45,0.33087,1.4418,-0.00078509,1.3439,0.82748,-0.77823
2.45,0.38434,1.5062,0.0019742,1.3309,0.80353,-0.66822
2.45,0.44081,1.5699,0.0016422,1.2569,0.78814,-0.631
2.45,0.5,1.6379,-0.00011569,1.1671,0.73177,-0.55547
2.45,0.56163,1.704,0.00085166,1.0792,0.69359,-0.53068
2.45,0.62539,1.7644,-0.0026437,1.0014,0.6689,-0.45948
2.45,0.69098,1.8163,-0.0017441,0.92723,0.62378,-0.39056
2.45,0.75808,1.8711,0.0023669,0.85616,0.58953,-0.30249
2.45,0.82635,1.9083,6.499e-06,0.77145,0.55552,-0.24387
2.45,0.89547,1.942,-0.00039293,0.71253,0.5334,-0.12083
2.45,0.9651,1.9574,0.00056152,0.66076,0.52879,-0.034096
2.45,1.0349,1.9582,0.00051049,0.65296,0.52578,0.029282
2.45,1.1045,1.9441,-0.00045198,0.70791,0.5321,0.11251
2.45,1.1736,1.9124,-0.0002975,0.76167,0.55794,0.23232
2.45,1.2419,1.8759,0.0022761,0.84499,0.58374,0.29664
2.45,1.309,1.8225,-0.001122,0.91685,0.6197,0.37848
2.45,1.3746,1.7695,-0.0027573,0.99347,0.66647,0.45608
2.45,1.4384,1.7106,0.00072449,1.0729,0.6881,0.52169
2.45,1.5,1.6442,0.00019044,1.158,0.72483,0.54594
2.45,1.5592,1.5768,0.0014884,1.2521,0.78573,0.62487
2.45,1.6157,1.5113,0.0020524,1.3291,0.80058,0.65905
2.45,1.6691,1.4497,0.00035684,1.3394,0.82096,0.75888
2.45,1.7193,1.3713,-0.0016674,1.4208,0.82351,0.82475
2.45,1.766,1.2968,-0.0056408,1.4423,0.82831,0.88114
2.45,1.809,1.2074,-0.0063086,1.463,0.86163,0.90439
2.45,1.848,1.1051,-0.0021095,1.5194,0.83534,0.93749
2.45,1.8829,0.96976,-0.0039556,1.5385,0.87851,1.0256
2.45,1.9135,0.80823,0.0031311,1.5134,0.85905,0.9783
2.45,1.9397,0.60528,0.00025125,2.016,0.70152,0.85185
2.45,1.9613,0.31231,-0.024972,1.9151,0.47758,-0.01889
2.45,1.9781,0.00033618,-0.00065271,0.16352,0.14332,0.023694
2.45,1.9903,7.1542e-05,-0.00017286,0.084168,0.048151,0.0019186
2.45,1.9976,5.3162e-05,-2.4163e-05,0.062822,0.0077309,0.00019207
2.45,2,2.545e-06,3.556e-09,0.0010448,8.6045e-07,3.1685e-10
2.5,0,2.5524e-15,1.1274e-19,2.1444e-13,7.9232e-16,-1.3949e-29
2.5,0.0024359,-0.0001936,1.0683e-05,0.045967,0.0059707,-2.6577e-05
2.5,0.0097319,-0.00037476,6.2526e-05,0.067293,0.044817,-0.00039517
2.5,0.021852,-0.0012187,0.00079834,0.13036,0.1723,0.0018602
2.5,0.038738,0.052761,0.021663,1.1235,0.47556,-0.54004
2.5,0.060307,0.57029,-0.067738,2.0658,0.83883,0.030716
2.5,0.086455,0.80628,-0.023276,1.5756,0.82142,-0.90243
2.5,0.11705,0.95862,-0.017588,1.5359,0.88441,-1.0748
2.5,0.15195,1.0916,-0.01043,1.5257,0.84585,-0.96998
2.5,0.19098,1.1984,-0.010604,1.4827,0.8408,-0.94813
2.5,0.23396,1.2883,-0.010059,1.4241,0.84397,-0.89783
2.5,0.28066,1.3668,-0.0034198,1.4284,0.82816,-0.91676
2.5,0.33087,1.4448,-0.0013053,1.3474,0.83179,-0.82356
2.5,0.38434,1.5078,-7.3808e-07,1.33,0.81789,-0.79539
2.5,0.44081,1.5672,-0.00033537,1.2632,0.778,-0.67776
2.5,0.5,1.6369,-0.0011595,1.1751,0.75342,-0.62195
2.5,0.56163,1.7024,-0.0055889,1.0889,0.71106,-0.59246
2.5,0.62539,1.7639,-0.0024547,1.0012,0.67934,-0.51073
2.5,0.69098,1.8171,-0.0013085,0.92354,0.63902,-0.38654
2.5,0.75808,1.8685,0.00024824,0.8567,0.59518,-0.28919
2.5,0.82635,1.9078,-0.001836,0.77203,0.54422,-0.20463
2.5,0.89547,1.9424,-0.0015143,0.70664,0.52876,-0.12347
2.5,0.9651,1.955,0.00096155,0.67238,0.51386,-0.012068
2.5,1.0349,1.9556,0.0008723,0.6703,0.5124,0.0071551
2.5,1.1045,1.9445,-0.0012107,0.70434,0.52831,0.11171
2.5,1.1736,1.9121,-0.0016807,0.7606,0.54079,0.19386
2.5,1.2419,1.8731,0.00026675,0.84664,0.5904,0.27693
2.5,1.309,1.8231,-0.0008108,0.91624,0.6363,0.37965
2.5,1.3746,1.7701,-0.0023208,0.9902,0.6769,0.50097
2.5,1.4384,1.7093,-0.0050014,1.0797,0.70928,0.58463
2.5,1.5,1.6441,-0.0012108,1.1652,0.74735,0.62196
2.5,1.5592,1.5743,0.00016042,1.2551,0.77557,0.66315
2.5,1.6157,1.5142,0.00020841,1.3275,0.81579,0.78327
2.5,1.6691,1.4525,-0.00076332,1.3417,0.83177,0.81973
2.5,1.7193,1.3739,-0.0030081,1.4267,0.82432,0.9085
2.5,1.766,1.2968,-0.0086648,1.4252,0.84544,0.89371
2.5,1.809,1.2085,-0.010225,1.4681,0.83951,0.93694
2.5,1.848,1.104,-0.010304,1.5206,0.84244,0.96176
2.5,1.8829,0.97385,-0.016264,1.5437,0.88867,1.0674
2.5,1.9135,0.82214,-0.021496,1.5501,0.82272,0.94338
2.5,1.9397,0.60407,-0.059361,2.012,0.82638,0.10664
2.5,1.9613,0.092728,0.0066754,1.3099,0.43561,0.56379
2.5,1.9781,-0.00082735,0.0007223,0.14825,0.2128,-0.0024512
2.5,1.9903,-0.00037881,4.4503e-05,0.069488,0.051176,0.00047123
2.5,1.9976,-0.0002101,5.4932e-06,0.049912,0.0081299,3.9625e-05
2.5,2,6.3014e-06,1.1735e-08,0.00084264,8.9781e-07,7.6985e-11
2.55,0,2.5873e-15,-3.7833e-18,2.144e-13,8.1332e-16,-3.12e-30
2.55,0.0024359,-4.7395e-05,-1.0885e-05,0.044282,0.0033371,5.5466e-06
2.55,0.0097319,-5.2992e-05,-5.6967e-05,0.060252,0.025032,7.2368e-05
2.55,0.021852,-7.1852e-05,-0.00027017,0.068376,0.094367,0.00054649
2.55,0.038738,0.015153,0.0010095,0.45497,0.34436,-0.012569
2.55,0.060307,0.5752,0.022456,2.1571,0.57406,-0.93076
2.55,0.086455,0.82958,-0.0030994,1.6393,0.80906,-0.90922
2.55,0.11705,0.97253,-0.0073425,1.538,0.89367,-1.1312
2.55,0.15195,1.0996,-0.0081682,1.5332,0.88074,-1.0531
2.55,0.19098,1.2026,-0.0078844,1.4749,0.86062,-0.96925
2.55,0.23396,1.2921,-0.0075432,1.448,0.83799,-0.96398
2.55,0.28066,1.3705,-0.0069025,1.4202,0.84634,-0.89271
2.55,0.33087,1.4435,-0.00687,1.3628,0.83621,-0.82696
2.55,0.38434,1.5078,-0.0027064,1.316,0.80406,-0.77196
2.55,0.44081,1.5684,-0.0045195,1.2529,0.80426,-0.69047
2.55,0.5,1.6301,-0.0045713,1.182,0.77297,-0.71193
2.55,0.56163,1.7006,-0.0066201,1.1067,0.72995,-0.63339
2.55,0.62539,1.7608,-0.0055379,0.99778,0.67868,-0.53576
2.55,0.69098,1.8162,-0.003852,0.93949,0.64907,-0.41159
2.55,0.75808,1.867,-0.0010046,0.83614,0.60464,-0.28836
2.55,0.82635,1.9079,-0.0021708,0.77013,0.57062,-0.19476
2.55,0.89547,1.9423,0.00021206,0.69298,0.52707,-0.12565
2.55,0.9651,1.952,-0.0019623,0.68685,0.54669,-0.052749
2.55,1.0349,1.9529,-0.0015844,0.68836,0.5479,0.041956
2.55,1.1045,1.9448,-5.7116e-06,0.68812,0.52793,0.11683
2.55,1.1736,1.9128,-0.0020288,0.76007,0.5676,0.18635
2.55,1.2419,1.8718,-0.0011555,0.82717,0.60197,0.27438
2.55,1.309,1.822,-0.003476,0.93151,0.64508,0.39887
2.55,1.3746,1.7675,-0.0056113,0.97999,0.67675,0.51974
2.55,1.4384,1.7079,-0.0071476,1.0962,0.72378,0.62615
2.55,1.5,1.637,-0.0048768,1.1731,0.77116,0.70334
2.55,1.5592,1.5754,-0.0046932,1.2431,0.80447,0.68905
2.55,1.6157,1.514,-0.0029018,1.3114,0.80262,0.77005
2.55,1.6691,1.4503,-0.0072173,1.3593,0.83611,0.83263
2.55,1.7193,1.3781,-0.0071377,1.4183,0.84722,0.8894
2.55,1.766,1.3003,-0.0076178,1.4454,0.8368,0.96179
2.55,1.809,1.2114,-0.0081457,1.4696,0.85691,0.97426
2.55,1.848,1.1092,-0.0082224,1.532,0.87646,1.0502
2.55,1.8829,0.98639,-0.0074311,1.5421,0.8962,1.139
2.55,1.9135,0.84488,-0.0046666,1.6052,0.82269,0.92251
2.55,1.9397,0.62905,0.016994,2.2117,0.59641,0.86221
2.55,1.9613,0.032891,0.00066242,0.51288,0.37319,0.03039
2.55,1.9781,-5.3645e-05,-0.00034752,0.075498,0.11118,-0.00033944
2.55,1.9903,-6.1011e-05,-4.5168e-05,0.06059,0.028585,-0.0001001
2.55,1.9976,-5.219e-05,-8.3042e-06,0.04812,0.0045339,-7.1372e-06
2.55,2,1.4064e-06,-9.8992e-09,0.00079857,5.0695e-07,-3.7626e-11
2.6,0,2.5684e-15,-4.4758e-18,2.1437e-13,8.0132e-16,3.2782e-30
2.6,0.0024359,-0.00032312,-2.0748e-05,0.051756,0.0034545,-2.9842e-05
2.6,0.0097319,-0.00044326,-0.00016446,0.071888,0.025527,-0.00034314
2.6,0.021852,-0.0003565,-0.00052399,0.091584,0.078387,-0.00080297
2.6,0.038738,0.089357,0.0038424,0.73275,0.33291,-0.19153
2.6,0.060307,0.5769,0.021128,2.102,0.63849,-0.99413
2.6,0.086455,0.82524,0.0046467,1.6013,0.75004,-0.77329
2.6,0.11705,0.97597,-0.0027157,1.5277,0.83456,-0.98389
2.6,0.15195,1.0981,-0.0058951,1.5181,0.87624,-1.0528
2.6,0.19098,1.1972,-0.012516,1.4926,0.88494,-1.094
2.6,0.23396,1.2878,-0.01356,1.474,0.85126,-1.0233
2.6,0.28066,1.3704,-0.0073818,1.4341,0.82757,-0.92945
2.6,0.33087,1.4434,-0.010654,1.3721,0.85005,-0.85284
2.6,0.38434,1.5081,-0.011262,1.3134,0.80819,-0.81018
2.6,0.44081,1.569,-0.0053831,1.262,0.79442,-0.73217
2.6,0.5,1.6293,-0.0058709,1.1902,0.77244,-0.70086
2.6,0.56163,1.6961,-0.0090968,1.115,0.74521,-0.65809
2.6,0.62539,1.7588,-0.010386,1.0239,0.71678,-0.58155
2.6,0.69098,1.8149,-0.0078733,0.93893,0.65515,-0.44884
2.6,0.75808,1.8682,-0.0051091,0.8284,0.5945,-0.31452
2.6,0.82635,1.9092,-0.0022555,0.76925,0.55033,-0.20548
2.6,0.89547,1.9409,0.00052696,0.70068,0.53692,-0.12383
2.6,0.9651,1.9536,-0.00099257,0.68839,0.54582,-0.059325
2.6,1.0349,1.9543,-0.00084634,0.68686,0.54669,0.051291
2.6,1.1045,1.943,0.00026374,0.69408,0.53571,0.11539
2.6,1.1736,1.9137,-0.0021518,0.76266,0.54754,0.1951
2.6,1.2419,1.8728,-0.0044626,0.82242,0.58493,0.29785
2.6,1.309,1.8208,-0.0077494,0.92865,0.65016,0.43052
2.6,1.3746,1.764,-0.0097787,1.0096,0.71159,0.57631
2.6,1.4384,1.7034,-0.0096509,1.104,0.74444,0.64322
2.6,1.5,1.6356,-0.0058304,1.183,0.76864,0.69926
2.6,1.5592,1.5756,-0.0054287,1.2549,0.79247,0.72532
2.6,1.6157,1.514,-0.010759,1.3049,0.8066,0.80056
2.6,1.6691,1.4504,-0.010626,1.3652,0.85182,0.84641
2.6,1.7193,1.378,-0.0076146,1.429,0.82876,0.92367
2.6,1.766,1.2964,-0.013041,1.472,0.84442,1.0047
2.6,1.809,1.2073,-0.013232,1.4889,0.88445,1.0954
2.6,1.848,1.1091,-0.0059561,1.5137,0.87453,1.0615
2.6,1.8829,0.98957,-0.0036408,1.5319,0.83642,0.99466
2.6,1.9135,0.84338,0.0032594,1.577,0.76259,0.77746
2.6,1.9397,0.61396,0.019041,2.08,0.65213,0.96148
2.6,1.9613,0.13542,0.0068811,0.95148,0.38648,0.29871
2.6,1.9781,-0.00033487,-0.00058309,0.095796,0.087504,0.00083006
2.6,1.9903,-0.0004428,-0.00018185,0.072804,0.028959,0.00038885
2.6,1.9976,-0.00034871,-2.6873e-05,0.056212,0.0046974,4.6435e-05
2.6,2,-1.1554e-05,-2.9644e-09,0.00094425,5.151e-07,5.357e-11
2.65,0,2.6118e-15,-3.3533e-18,2.144e-13,7.8221e-16,8.0211e-31
2.65,0.0024359,6.2046e-05,3.9365e-05,0.046373,0.004046,-6.3843e-05
2.65,0.0097319,0.00014927,0.00028532,0.065145,0.029723,-0.00076035
2.65,0.021852,0.00038627,0.00079634,0.089225,0.089658,-0.0046503
2.65,0.038738,0.0014879,0.001595,0.38727,0.22463,-0.085392
2.65,0.060307,0.56044,-0.034471,1.9764,0.65404,-0.21068
2.65,0.086455,0.81632,-0.007413,1.5308,0.77449,-0.77197
2.65,0.11705,0.96951,-0.0082411,1.4918,0.80601,-0.82716
2.65,0.15195,1.0947,-0.0091106,1.5111,0.85069,-0.91479
2.65,0.19098,1.1919,-0.015823,1.4959,0.85613,-1.0219
2.65,0.23396,1.2855,-0.019321,1.4804,0.8665,-1.0498
2.65,0.28066,1.3688,-0.017091,1.4305,0.84174,-0.90285
2.65,0.33087,1.4413,-0.011224,1.3618,0.82769,-0.85182
2.65,0.38434,1.5067,-0.012315,1.3223,0.79696,-0.8351
2.65,0.44081,1.5683,-0.011169,1.2913,0.81542,-0.77965
2.65,0.5,1.6291,-0.0075434,1.2114,0.78207,-0.73267
2.65,0.56163,1.6917,-0.0073532,1.158,0.74162,-0.65043
2.65,0.62539,1.7573,-0.012956,1.0415,0.7308,-0.60821
2.65,0.69098,1.8142,-0.0094939,0.93713,0.65796,-0.45595
2.65,0.75808,1.8697,-0.0070398,0.84873,0.59416,-0.32977
2.65,0.82635,1.9096,-0.0033725,0.78737,0.54099,-0.23789
2.65,0.89547,1.9405,-0.0017874,0.70908,0.54647,-0.14334
2.65,0.9651,1.9546,-0.00025644,0.67934,0.53908,-0.04572
2.65,1.0349,1.9564,-0.00030887,0.67941,0.53822,0.037003
2.65,1.1045,1.9434,-0.0015726,0.70181,0.5485,0.13307
2.65,1.1736,1.9147,-0.0032049,0.77672,0.53805,0.23058
2.65,1.2419,1.8752,-0.006893,0.84162,0.58705,0.31776
2.65,1.309,1.8209,-0.0092236,0.92893,0.65277,0.44192
2.65,1.3746,1.764,-0.012966,1.023,0.72839,0.59516
2.65,1.4384,1.6996,-0.0082527,1.1465,0.74247,0.64761
2.65,1.5,1.6359,-0.0068854,1.2045,0.77649,0.72049
2.65,1.5592,1.5751,-0.011114,1.2829,0.81365,0.77548
2.65,1.6157,1.5142,-0.012459,1.3165,0.7973,0.82699
2.65,1.6691,1.4489,-0.011004,1.3581,0.82386,0.85254
2.65,1.7193,1.3767,-0.016654,1.4241,0.84121,0.88936
2.65,1.766,1.2943,-0.01995,1.4828,0.86472,1.0473
2.65,1.809,1.2022,-0.016125,1.4873,0.85784,1.0296
2.65,1.848,1.105,-0.010558,1.5101,0.85389,0.92815
2.65,1.8829,0.98307,-0.0084209,1.4905,0.81443,0.83793
2.65,1.9135,0.83385,-0.007175,1.5071,0.77986,0.78036
2.65,1.9397,0.59529,-0.028881,1.9458,0.66892,0.31887
2.65,1.9613,0.0021618,0.0018786,0.54626,0.22534,0.11766
2.65,1.9781,0.00044656,0.00082604,0.094239,0.099669,0.0058463
2.65,1.9903,0.00018121,0.0003154,0.066144,0.033719,0.000904
2.65,1.9976,9.3739e-05,5.1848e-05,0.050365,0.0055018,9.643e-05
2.65,2,9.3629e-06,8.8521e-09,0.0008433,6.0891e-07,1.5997e-10
2.7,0,2.6008e-15,-9.5394e-19,2.1444e-13,7.9796e-16,-2.1495e-30
2.7,0.0024359,0.00065376,2.497e-06,0.045681,0.003003,-5.7243e-05
2.7,0.0097319,0.00088694,2.8468e-06,0.063882,0.022069,-0.00064342
2.7,0.021852,0.0012251,-1.1676e-05,0.086656,0.062592,-0.0028244
2.7,0.038738,0.0017018,-0.0025941,0.29354,0.26874,-0.037025
2.7,0.060307,0.49296,-0.036908,1.8918,0.65949,-0.51157
2.7,0.086455,0.80266,-0.011883,1.5297,0.77216,-0.72646
2.7,0.11705,0.96968,-0.015802,1.4797,0.82877,-0.81255
2.7,0.15195,1.0876,-0.02208,1.536,0.85206,-0.93948
2.7,0.19098,1.1912,-0.017467,1.4973,0.86164,-0.9556
2.7,0.23396,1.2829,-0.016424,1.475,0.84478,-0.99265
2.7,0.28066,1.3728,-0.017406,1.4516,0.859,-0.97519
2.7,0.33087,1.4399,-0.014928,1.3822,0.83182,-0.87313
2.7,0.38434,1.5018,-0.014113,1.3354,0.8015,-0.85209
2.7,0.44081,1.5677,-0.016328,1.2877,0.80197,-0.77396
2.7,0.5,1.6315,-0.015407,1.2319,0.80124,-0.74192
2.7,0.56163,1.6919,-0.012387,1.1566,0.75324,-0.68868
2.7,0.62539,1.7552,-0.013756,1.057,0.71627,-0.58121
2.7,0.69098,1.8171,-0.007012,0.95106,0.66033,-0.43383
2.7,0.75808,1.8714,-0.0053065,0.86418,0.61867,-0.37442
2.7,0.82635,1.9121,-0.0044965,0.79477,0.57204,-0.24628
2.7,0.89547,1.9405,-0.0016632,0.71336,0.55229,-0.12746
2.7,0.9651,1.9556,-0.0018008,0.67757,0.54739,-0.036308
2.7,1.0349,1.9566,-0.0016307,0.6786,0.54859,0.029808
2.7,1.1045,1.9422,-0.0015339,0.70728,0.55065,0.11786
2.7,1.1736,1.9154,-0.0041932,0.78274,0.56852,0.23328
2.7,1.2419,1.875,-0.0051777,0.85753,0.61373,0.37132
2.7,1.309,1.823,-0.0066518,0.942,0.65709,0.42025
2.7,1.3746,1.7613,-0.013377,1.0467,0.70945,0.56266
2.7,1.4384,1.6982,-0.0132,1.1468,0.75267,0.68536
2.7,1.5,1.6372,-0.014817,1.228,0.79666,0.73164
2.7,1.5592,1.5739,-0.016616,1.2847,0.80284,0.77103
2.7,1.6157,1.508,-0.013834,1.3302,0.80261,0.8408
2.7,1.6691,1.4462,-0.014547,1.3772,0.82609,0.86846
2.7,1.7193,1.3796,-0.016776,1.4429,0.86097,0.96463
2.7,1.766,1.2906,-0.016524,1.4793,0.84578,0.99503
2.7,1.809,1.2009,-0.017087,1.4859,0.86278,0.95007
2.7,1.848,1.0982,-0.022449,1.5438,0.8527,0.96336
2.7,1.8829,0.98208,-0.016763,1.4831,0.83152,0.8271
2.7,1.9135,0.82141,-0.012321,1.5097,0.78452,0.73566
2.7,1.9397,0.54365,-0.030271,1.9032,0.66088,0.54727
2.7,1.9613,0.00077734,-0.0018602,0.40106,0.31553,0.066647
2.7,1.9781,0.0013568,-9.8174e-06,0.093111,0.069649,0.0031123
2.7,1.9903,0.00089398,1.1985e-05,0.064943,0.024968,0.00074979
2.7,1.9976,0.00069583,5.3181e-06,0.049649,0.0040868,8.5232e-05
2.7,2,1.1769e-05,-1.2465e-09,0.00082765,4.4707e-07,1.4558e-10
2.75,0,2.586e-15,3.2986e-18,2.1423e-13,7.7648e-16,-8.9176e-31
2.75,0.0024359,0.00028123,-6.6163e-06,0.045226,0.0025632,1.0155e-05
2.75,0.0097319,0.00035021,-3.6988e-05,0.062842,0.018624,9.4247e-05
2.75,0.021852,0.00023901,-6.8105e-05,0.079501,0.051029,0.00011785
2.75,0.038738,0.00027941,-0.00031418,0.2478,0.13314,-0.0010041
2.75,0.060307,0.5111,-0.0014422,1.836,0.62521,-0.74344
2.75,0.086455,0.79496,-0.0080688,1.5402,0.77079,-0.83331
2.75,0.11705,0.96379,-0.014304,1.4701,0.83577,-0.85662
2.75,0.15195,1.0862,-0.021494,1.4966,0.85963,-0.86728
2.75,0.19098,1.1945,-0.022504,1.5016,0.86313,-0.99882
2.75,0.23396,1.2912,-0.020272,1.477,0.89038,-1.0557
2.75,0.28066,1.3684,-0.017128,1.4632,0.84864,-0.98534
2.75,0.33087,1.4392,-0.01946,1.4048,0.83629,-0.93534
2.75,0.38434,1.4981,-0.01938,1.3653,0.82723,-0.88648
2.75,0.44081,1.5608,-0.016692,1.2982,0.80565,-0.86343
2.75,0.5,1.6318,-0.014047,1.2271,0.75686,-0.72133
2.75,0.56163,1.6897,-0.013796,1.1752,0.73376,-0.66923
2.75,0.62539,1.7564,-0.010537,1.0834,0.69182,-0.54954
2.75,0.69098,1.8172,-0.0073408,0.96878,0.6621,-0.47564
2.75,0.75808,1.8706,-0.0036591,0.88547,0.63992,-0.38987
2.75,0.82635,1.9103,-0.0022771,0.78739,0.58191,-0.24805
2.75,0.89547,1.9403,-0.0025299,0.71696,0.56428,-0.13255
2.75,0.9651,1.9565,-0.0003315,0.67615,0.54653,-0.037157
2.75,1.0349,1.9564,-0.00013087,0.67693,0.54735,0.030632
2.75,1.1045,1.9415,-0.0024462,0.70937,0.56254,0.11736
2.75,1.1736,1.9132,-0.0022312,0.7779,0.57847,0.2325
2.75,1.2419,1.8735,-0.0031388,0.87365,0.63162,0.37541
2.75,1.309,1.8222,-0.0073203,0.96206,0.66267,0.47282
2.75,1.3746,1.7618,-0.0094893,1.0716,0.68729,0.53709
2.75,1.4384,1.6952,-0.013811,1.1741,0.73108,0.67643
2.75,1.5,1.6374,-0.013562,1.2205,0.75215,0.70684
2.75,1.5592,1.5673,-0.016568,1.2957,0.80373,0.86125
2.75,1.6157,1.5034,-0.019089,1.3619,0.82575,0.88966
2.75,1.6691,1.445,-0.019374,1.4008,0.83568,0.9427
2.75,1.7193,1.3752,-0.017756,1.461,0.84618,0.97651
2.75,1.766,1.2989,-0.019869,1.4843,0.88991,1.0682
2.75,1.809,1.2033,-0.022585,1.4929,0.86446,1.0055
2.75,1.848,1.0961,-0.021656,1.5076,0.85881,0.88996
2.75,1.8829,0.97722,-0.015204,1.4718,0.83719,0.85615
2.75,1.9135,0.81474,-0.0085204,1.5191,0.78335,0.8349
2.75,1.9397,0.54988,-0.0028376,1.8442,0.65328,0.78933
2.75,1.9613,0.00016708,-0.00039356,0.33568,0.15488,0.0018173
2.75,1.9781,0.0002239,-4.5812e-05,0.082924,0.055745,-7.1522e-05
2.75,1.9903,0.00032603,-2.8793e-05,0.063764,0.021007,-0.00011101
2.75,1.9976,0.00028299,-5.8676e-06,0.049147,0.003481,-1.4459e-05
2.75,2,4.4958e-06,-1.2425e-09,0.00081986,3.8387e-07,-3.6196e-11
2.8,0,2.631e-15,8.1619e-18,2.1416e-13,7.9144e-16,-7.4641e-30
2.8,0.0024359,0.00030646,-1.6604e-05,0.043977,0.0026935,-1.7544e-05
2.8,0.0097319,0.00041841,-0.00012919,0.060561,0.019707,-0.00019585
2.8,0.021852,0.00057181,-0.00033158,0.074902,0.054656,-0.0010978
2.8,0.038738,0.0011409,-0.00058433,0.26815,0.12434,-0.013002
2.8,0.060307,0.52588,-0.026378,1.8923,0.55066,-0.11715
2.8,0.086455,0.79747,-0.018934,1.5127,0.76086,-0.7058
2.8,0.11705,0.96671,-0.019439,1.4687,0.84,-0.84241
2.8,0.15195,1.0896,-0.023885,1.505,0.84782,-0.89753
2.8,0.19098,1.202,-0.019818,1.505,0.87076,-0.91211
2.8,0.23396,1.2944,-0.01434,1.461,0.85609,-1.0016
2.8,0.28066,1.3645,-0.018303,1.4485,0.86554,-1.0134
2.8,0.33087,1.4429,-0.022959,1.4142,0.83627,-0.94487
2.8,0.38434,1.5021,-0.0224,1.3732,0.83987,-0.93938
2.8,0.44081,1.5609,-0.017114,1.3038,0.83054,-0.91882
2.8,0.5,1.631,-0.014643,1.2251,0.77016,-0.73067
2.8,0.56163,1.6911,-0.0091355,1.1647,0.73584,-0.63795
2.8,0.62539,1.7565,-0.010751,1.0678,0.70139,-0.59246
2.8,0.69098,1.816,-0.0047176,1.0109,0.66931,-0.50957
2.8,0.75808,1.8686,-0.0023369,0.8892,0.61796,-0.35553
2.8,0.82635,1.9122,-0.00015643,0.78831,0.56334,-0.24591
2.8,0.89547,1.9409,-0.0012016,0.70286,0.53458,-0.1324
2.8,0.9651,1.9569,-0.00020614,0.66739,0.52693,-0.037746
2.8,1.0349,1.9573,-0.00015167,0.66633,0.52425,0.027449
2.8,1.1045,1.9432,-0.0014704,0.69418,0.5347,0.12163
2.8,1.1736,1.9158,-1.1631e-05,0.7791,0.55963,0.22829
2.8,1.2419,1.8726,-0.0019937,0.87872,0.61105,0.3376
2.8,1.309,1.822,-0.0041947,1.0016,0.66193,0.49694
2.8,1.3746,1.7629,-0.010672,1.058,0.69957,0.57964
2.8,1.4384,1.6971,-0.0090256,1.1642,0.73164,0.63973
2.8,1.5,1.6371,-0.014842,1.2201,0.7633,0.71618
2.8,1.5592,1.5681,-0.016635,1.2972,0.8261,0.9091
2.8,1.6157,1.5079,-0.022196,1.3643,0.83756,0.93579
2.8,1.6691,1.4487,-0.023513,1.4114,0.83469,0.96037
2.8,1.7193,1.3721,-0.019338,1.4457,0.8642,1.001
2.8,1.766,1.3022,-0.014787,1.4613,0.85783,1.0205
2.8,1.809,1.2116,-0.019532,1.5019,0.87043,0.91262
2.8,1.848,1.1018,-0.024315,1.5065,0.85092,0.89969
2.8,1.8829,0.98045,-0.019708,1.4722,0.8425,0.84094
2.8,1.9135,0.81827,-0.01889,1.4955,0.77208,0.73642
2.8,1.9397,0.56357,-0.026501,1.8712,0.59342,0.20927
2.8,1.9613,0.0012631,-0.00011306,0.35136,0.13572,0.015792
2.8,1.9781,0.00056019,-0.00027448,0.07798,0.059655,0.0013479
2.8,1.9903,0.00040952,-0.0001115,0.061323,0.022257,0.00022813
2.8,1.9976,0.0003232,-1.4278e-05,0.047753,0.0036618,2.6448e-05
2.8,2,8.8382e-06,-3.5933e-09,0.00079947,4.019e-07,4.2063e-11
2.85,0,2.6203e-15,3.0174e-18,2.145e-13,7.6012e-16,1.3803e-30
2.85,0.0024359,4.8771e-05,-5.4942e-06,0.040495,0.0028812,1.7105e-05
2.85,0.0097319,6.0759e-05,-4.9875e-05,0.056688,0.020987,0.00019984
2.85,0.021852,-2.37e-05,-0.00012115,0.07435,0.060929,0.00096052
2.85,0.038738,0.012523,-0.0024744,0.35958,0.19305,-0.066022
2.85,0.060307,0.48699,-0.027646,1.6885,0.55638,-0.23872
2.85,0.086455,0.8024,-0.03586,1.4976,0.78778,-0.61356
2.85,0.11705,0.96806,-0.022839,1.4518,0.85844,-0.80226
2.85,0.15195,1.0972,-0.020498,1.4507,0.89739,-0.80415
2.85,0.19098,1.202,-0.01552,1.4753,0.87016,-0.82746
2.85,0.23396,1.2902,-0.014888,1.4491,0.83072,-0.92092
2.85,0.28066,1.3644,-0.012789,1.4342,0.82235,-0.95761
2.85,0.33087,1.4384,-0.017051,1.4075,0.82142,-0.95153
2.85,0.38434,1.5044,-0.020382,1.353,0.8224,-0.88617
2.85,0.44081,1.5691,-0.017059,1.2709,0.81231,-0.85763
2.85,0.5,1.6311,-0.010255,1.2021,0.77451,-0.70087
2.85,0.56163,1.6945,-0.0061942,1.1601,0.72474,-0.60184
2.85,0.62539,1.7554,-0.0088168,1.0768,0.72123,-0.60265
2.85,0.69098,1.8161,-0.0061973,1.0037,0.66714,-0.49578
2.85,0.75808,1.8694,-0.0034368,0.88361,0.61155,-0.33067
2.85,0.82635,1.9131,-8.0086e-05,0.78808,0.57799,-0.24334
2.85,0.89547,1.9402,-0.0011721,0.71504,0.52657,-0.17219
2.85,0.9651,1.9598,-0.001465,0.64134,0.5144,-0.055948
2.85,1.0349,1.9607,-0.0011954,0.64114,0.51351,0.042227
2.85,1.1045,1.943,-0.0013379,0.70697,0.52505,0.16052
2.85,1.1736,1.9166,-0.00021724,0.77834,0.57331,0.23774
2.85,1.2419,1.8744,-0.0030897,0.8724,0.60865,0.32096
2.85,1.309,1.8219,-0.005671,0.99292,0.66075,0.48102
2.85,1.3746,1.7627,-0.0089073,1.0659,0.71749,0.60012
2.85,1.4384,1.7008,-0.0060569,1.1551,0.72673,0.60018
2.85,1.5,1.6379,-0.010008,1.1961,0.76805,0.67753
2.85,1.5592,1.5753,-0.016196,1.2649,0.81184,0.84829
2.85,1.6157,1.5103,-0.020401,1.3492,0.82222,0.88089
2.85,1.6691,1.4462,-0.017675,1.4003,0.82419,0.94038
2.85,1.7193,1.3721,-0.01267,1.4309,0.82346,0.95391
2.85,1.766,1.2978,-0.014557,1.4491,0.83241,0.94415
2.85,1.809,1.2115,-0.014983,1.4636,0.86256,0.82838
2.85,1.848,1.1078,-0.019667,1.4543,0.89955,0.82317
2.85,1.8829,0.9822,-0.021862,1.4524,0.86582,0.81123
2.85,1.9135,0.82155,-0.03382,1.4854,0.79271,0.65611
2.85,1.9397,0.53126,-0.032409,1.7081,0.59273,0.24586
2.85,1.9613,0.048259,-0.012533,0.47069,0.26442,0.11639
2.85,1.9781,-1.5913e-05,-0.00010114,0.078159,0.06723,-0.0010962
2.85,1.9903,4.3856e-05,-5.0798e-05,0.057477,0.023779,-0.00023685
2.85,1.9976,4.632e-05,-6.9704e-06,0.04402,0.0039192,-2.5268e-05
2.85,2,6.4277e-06,3.3662e-09,0.00073393,4.3331e-07,-4.9717e-11
2.9,0,2.6116e-15,5.2613e-18,2.1419e-13,8.0672e-16,-1.1423e-29
2.9,0.0024359,0.00018982,-2.1736e-05,0.039836,0.0022129,3.9594e-06
2.9,0.0097319,0.00026619,-0.00014438,0.054774,0.015887,4.4652e-05
2.9,0.021852,0.00043297,-0.00038788,0.068735,0.042598,0.00051984
2.9,0.038738,0.00091983,-0.00078141,0.25673,0.12941,-0.0067316
2.9,0.060307,0.28109,-0.01836,1.639,0.46005,-0.36265
2.9,0.086455,0.83668,-0.018443,1.5822,0.735,-0.46727
2.9,0.11705,0.98684,-0.018087,1.4528,0.85814,-0.8083
2.9,0.15195,1.1032,-0.011021,1.4573,0.87589,-0.87711
2.9,0.19098,1.2053,-0.01755,1.4535,0.86627,-0.89662
2.9,0.23396,1.2859,-0.017205,1.4678,0.8433,-0.92725
2.9,0.28066,1.3683,-0.016974,1.4568,0.84259,-0.93705
2.9,0.33087,1.4354,-0.015733,1.4096,0.81424,-0.92599
2.9,0.38434,1.5075,-0.01783,1.3434,0.81074,-0.86389
2.9,0.44081,1.5713,-0.01498,1.2441,0.79523,-0.76305
2.9,0.5,1.6319,-0.01287,1.2059,0.77041,-0.71359
2.9,0.56163,1.6949,-0.0092234,1.1574,0.73932,-0.61214
2.9,0.62539,1.7558,-0.0067506,1.0854,0.70988,-0.58851
2.9,0.69098,1.8165,-0.004313,0.98038,0.66791,-0.44558
2.9,0.75808,1.8698,-0.0043208,0.89535,0.62319,-0.34056
2.9,0.82635,1.9137,-0.00067238,0.78341,0.59312,-0.25167
2.9,0.89547,1.9405,-0.0021116,0.71115,0.54137,-0.16758
2.9,0.9651,1.9614,-0.00032902,0.64514,0.508,-0.059724
2.9,1.0349,1.9624,-0.00023785,0.64176,0.5079,0.049896
2.9,1.1045,1.9435,-0.0020988,0.70494,0.53478,0.15131
2.9,1.1736,1.9167,-0.0009244,0.77461,0.58871,0.24205
2.9,1.2419,1.8753,-0.0038216,0.88452,0.61981,0.33211
2.9,1.309,1.8217,-0.004431,0.97185,0.6612,0.4401
2.9,1.3746,1.7626,-0.0066372,1.0753,0.70718,0.57663
2.9,1.4384,1.7018,-0.0087978,1.1447,0.73474,0.61981
2.9,1.5,1.638,-0.013038,1.2,0.76778,0.70384
2.9,1.5592,1.578,-0.015082,1.2347,0.79553,0.75932
2.9,1.6157,1.5139,-0.018225,1.3423,0.81157,0.86238
2.9,1.6691,1.4429,-0.016195,1.3984,0.80993,0.91072
2.9,1.7193,1.3754,-0.016992,1.4528,0.83961,0.9417
2.9,1.766,1.2937,-0.01773,1.4689,0.84499,0.93121
2.9,1.809,1.214,-0.017657,1.4623,0.86135,0.90417
2.9,1.848,1.1132,-0.012042,1.4575,0.87681,0.88561
2.9,1.8829,0.99891,-0.017045,1.448,0.86131,0.79684
2.9,1.9135,0.8558,-0.019322,1.545,0.75526,0.5182
2.9,1.9397,0.37601,-0.012543,1.7174,0.46823,0.341
2.9,1.9613,0.00059055,-0.0024654,0.33771,0.17506,0.025966
2.9,1.9781,0.00042892,-0.00028588,0.072074,0.046286,-0.00064328
2.9,1.9903,0.00026024,-0.00012372,0.055461,0.01791,-6.0149e-05
2.9,1.9976,0.00019655,-1.9236e-05,0.043247,0.0030023,-5.363e-06
2.9,2,8.7928e-06,-9.2236e-09,0.00072986,3.3953e-07,-2.7315e-11
2.95,0,2.6042e-15,3.9778e-18,2.1404e-13,8.108e-16,-5.6319e-30
2.95,0.0024359,-0.00020859,-6.3299e-06,0.043941,0.0025095,-5.3814e-06
2.95,0.0097319,-0.00029817,-3.6366e-05,0.061074,0.018414,-4.8781e-05
2.95,0.021852,-0.00047069,-3.5836e-05,0.078136,0.055427,-3.3315e-06
2.95,0.038738,6.2076e-05,0.00020635,0.29086,0.19269,-0.018338
2.95,0.060307,0.33228,0.0046331,1.3669,0.59409,-0.67248
2.95,0.086455,0.78922,-0.0053746,1.6113,0.693,-0.70368
2.95,0.11705,0.97942,-0.014644,1.4517,0.81575,-0.75117
2.95,0.15195,1.1005,-0.014104,1.4708,0.87205,-0.90616
2.95,0.19098,1.2063,-0.012013,1.4673,0.85036,-0.88041
2.95,0.23396,1.2886,-0.016186,1.4916,0.83868,-0.9235
2.95,0.28066,1.3662,-0.014893,1.4665,0.86057,-0.97092
2.95,0.33087,1.4353,-0.01487,1.3947,0.83809,-0.89404
2.95,0.38434,1.5098,-0.014976,1.3418,0.79306,-0.77263
2.95,0.44081,1.5728,-0.015754,1.2579,0.81131,-0.76037
2.95,0.5,1.636,-0.016537,1.1922,0.79046,-0.73126
2.95,0.56163,1.6954,-0.013254,1.1648,0.75986,-0.68611
2.95,0.62539,1.7551,-0.007542,1.059,0.70552,-0.54576
2.95,0.69098,1.816,-0.0057261,0.97384,0.65408,-0.41872
2.95,0.75808,1.8697,-0.0021614,0.90694,0.61842,-0.37866
2.95,0.82635,1.9113,-0.0030513,0.78569,0.58529,-0.26551
2.95,0.89547,1.9408,-0.0036806,0.70318,0.56226,-0.16078
2.95,0.9651,1.9625,-0.00069731,0.64908,0.53316,-0.043451
2.95,1.0349,1.9638,-0.0005534,0.64196,0.52915,0.034656
2.95,1.1045,1.9441,-0.0034644,0.69635,0.55818,0.14332
2.95,1.1736,1.9143,-0.0033672,0.77598,0.58256,0.25619
2.95,1.2419,1.8751,-0.0020583,0.89798,0.61663,0.37091
2.95,1.309,1.8214,-0.0055128,0.96934,0.65084,0.41448
2.95,1.3746,1.7615,-0.0072697,1.0474,0.6992,0.52995
2.95,1.4384,1.7018,-0.01271,1.1573,0.75824,0.67982
2.95,1.5,1.6416,-0.016329,1.1896,0.78802,0.72609
2.95,1.5592,1.5796,-0.016216,1.2491,0.8144,0.76336
2.95,1.6157,1.5161,-0.014772,1.3323,0.78818,0.76454
2.95,1.6691,1.4428,-0.015309,1.3824,0.83471,0.87545
2.95,1.7193,1.3737,-0.015025,1.4598,0.85872,0.95815
2.95,1.766,1.2962,-0.016644,1.4887,0.84237,0.93718
2.95,1.809,1.2157,-0.011924,1.469,0.847,0.88394
2.95,1.848,1.112,-0.013757,1.473,0.87327,0.91784
2.95,1.8829,0.99355,-0.015145,1.4448,0.82154,0.76969
2.95,1.9135,0.81629,-0.0066743,1.5914,0.70232,0.68935
2.95,1.9397,0.38856,0.0065533,1.4378,0.61602,0.74111
2.95,1.9613,-0.0066567,5.0959e-05,0.48719,0.232,0.058509
2.95,1.9781,-0.00047209,-3.4285e-05,0.081764,0.061662,-1.065e-05
2.95,1.9903,-0.00030818,-3.5565e-05,0.061842,0.020875,5.2565e-05
2.95,1.9976,-0.00022639,-7.2977e-06,0.047728,0.0034105,8.7639e-06
2.95,2,-9.1703e-06,-5.2469e-10,0.00079934,3.7714e-07,2.1927e-12
3,0,2.6204e-15,4.4838e-18,2.1383e-13,7.8514e-16,2.443e-29
3,0.0024359,-6.4238e-05,8.3908e-06,0.041216,0.002132,6.6087e-06
3,0.0097319,-7.0997e-05,7.0418e-05,0.057075,0.015329,5.6273e-05
3,0.021852,-5.929e-05,0.00020593,0.071209,0.040668,0.00011529
3,0.038738,-0.00018396,0.00040828,0.246,0.097845,-0.0015503
3,0.060307,0.2453,0.026546,1.4378,0.4818,-0.38476
3,0.086455,0.75589,-0.011946,1.5555,0.72503,-0.83289
3,0.11705,0.96474,-0.018035,1.472,0.83141,-0.93621
3,0.15195,1.095,-0.013059,1.4552,0.85468,-0.8909
3,0.19098,1.2103,-0.0084687,1.4709,0.86313,-0.90978
3,0.23396,1.2893,-0.0095118,1.4858,0.83383,-0.86492
3,0.28066,1.369,-0.010784,1.4349,0.82025,-0.86609
3,0.33087,1.4424,-0.010258,1.3756,0.82458,-0.82298
3,0.38434,1.5112,-0.013998,1.3351,0.80832,-0.7853
3,0.44081,1.5748,-0.013376,1.2603,0.78986,-0.75522
3,0.5,1.64,-0.012421,1.1965,0.79432,-0.70158
3,0.56163,1.6966,-0.010856,1.1634,0.74567,-0.67654
3,0.62539,1.7562,-0.0067383,1.0561,0.69963,-0.49732
3,0.69098,1.8165,-0.0058867,0.97771,0.66991,-0.41121
3,0.75808,1.8677,-0.0066381,0.90172,0.61784,-0.37218
3,0.82635,1.9091,-0.0063009,0.78864,0.5864,-0.26902
3,0.89547,1.9413,-0.0029504,0.69809,0.56371,-0.17205
3,0.9651,1.9622,0.00068367,0.64909,0.54747,-0.045489
3,1.0349,1.963,0.00070075,0.64559,0.54643,0.03414
3,1.1045,1.9441,-0.0024799,0.69272,0.56128,0.15775
3,1.1736,1.9123,-0.0062977,0.7793,0.58276,0.2575
3,1.2419,1.8716,-0.0064804,0.89204,0.61473,0.36422
3,1.309,1.8223,-0.0063724,0.97536,0.66529,0.40898
3,1.3746,1.7623,-0.0065007,1.0483,0.69824,0.48273
3,1.4384,1.703,-0.010741,1.1565,0.74118,0.65677
3,1.5,1.6454,-0.012696,1.1945,0.79422,0.69836
3,1.5592,1.5815,-0.013699,1.2442,0.78937,0.74701
3,1.6157,1.518,-0.014699,1.3348,0.80796,0.78191
3,1.6691,1.4481,-0.010775,1.3724,0.82399,0.81834
3,1.7193,1.3764,-0.011228,1.4342,0.81687,0.86489
3,1.766,1.297,-0.010413,1.4797,0.83245,0.86858
3,1.809,1.219,-0.0090163,1.4763,0.86286,0.91804
3,1.848,1.1072,-0.01231,1.4512,0.85736,0.87317
3,1.8829,0.97919,-0.018435,1.4585,0.83862,0.95191
3,1.9135,0.78512,-0.012606,1.5572,0.73318,0.82002
3,1.9397,0.35285,0.021519,1.5435,0.5045,0.53869
3,1.9613,-0.00021923,0.00057082,0.31749,0.11127,0.0018079
3,1.9781,-9.1539e-05,0.00029752,0.074016,0.044012,-8.2235e-05
3,1.9903,-6.748e-05,0.00010669,0.057735,0.017238,-6.2008e-05
3,1.9976,-5.3853e-05,1.8507e-05,0.044766,0.0028864,-8.6986e-06
3,2,-7.8588e-07,-2.136e-10,0.00074523,3.2312e-07,-2.8756e-11
3.05,0,2.6353e-15,2.8679e-18,2.1402e-13,7.9768e-16,1.8289e-29
3.05,0.0024359,-2.3762e-05,1.9637e-06,0.038921,0.0023148,1.2148e-05
3.05,0.0097319,-3.7667e-05,3.8248e-06,0.054075,0.01673,0.00012436
3.05,0.021852,-2.2631e-05,-1.9592e-05,0.069644,0.04621,0.00051248
3.05,0.038738,7.3719e-05,-0.00070888,0.25249,0.11706,-0.0013457
3.05,0.060307,0.32249,-0.0085402,1.3713,0.52016,-0.58917
3.05,0.086455,0.73374,-0.028142,1.58,0.73033,-0.85225
3.05,0.11705,0.95788,-0.023198,1.4879,0.81866,-0.84314
3.05,0.15195,1.0966,-0.015349,1.4246,0.85252,-0.90044
3.05,0.19098,1.2071,-0.0094372,1.4331,0.86515,-0.91249
3.05,0.23396,1.2952,-0.011103,1.4652,0.86883,-0.8863
3.05,0.28066,1.372,-0.0076231,1.4327,0.87012,-0.87056
3.05,0.33087,1.4413,-0.006302,1.3743,0.82136,-0.86737
3.05,0.38434,1.508,-0.010117,1.3481,0.80167,-0.88749
3.05,0.44081,1.5757,-0.012883,1.2572,0.80623,-0.74403
3.05,0.5,1.6413,-0.01025,1.1923,0.77844,-0.68648
3.05,0.56163,1.6937,-0.0071471,1.1635,0.74735,-0.69485
3.05,0.62539,1.7561,-0.0069129,1.0624,0.70233,-0.58501
3.05,0.69098,1.8154,-0.0076683,0.96592,0.65845,-0.43642
3.05,0.75808,1.8658,-0.0099039,0.89058,0.62149,-0.37204
3.05,0.82635,1.9097,-0.0065935,0.78794,0.58322,-0.26083
3.05,0.89547,1.9427,-0.0019482,0.69558,0.56252,-0.18443
3.05,0.9651,1.9626,-0.00059411,0.64998,0.53982,-0.05808
3.05,1.0349,1.9632,-0.00055307,0.64507,0.53982,0.049112
3.05,1.1045,1.9457,-0.001773,0.68734,0.56182,0.16973
3.05,1.1736,1.9134,-0.0061909,0.78084,0.57884,0.25447
3.05,1.2419,1.8703,-0.0099462,0.8797,0.6201,0.36296
3.05,1.309,1.821,-0.0080284,0.96338,0.65236,0.42671
3.05,1.3746,1.7625,-0.0069266,1.0519,0.69901,0.57048
3.05,1.4384,1.7001,-0.0073198,1.1543,0.74318,0.67369
3.05,1.5,1.6469,-0.0099057,1.187,0.77396,0.6907
3.05,1.5592,1.5825,-0.013441,1.2517,0.80697,0.74405
3.05,1.6157,1.5147,-0.01095,1.3454,0.80149,0.87421
3.05,1.6691,1.4474,-0.0068461,1.3714,0.81808,0.86321
3.05,1.7193,1.38,-0.0079918,1.4272,0.86648,0.87082
3.05,1.766,1.3032,-0.011217,1.4661,0.87145,0.88969
3.05,1.809,1.2172,-0.0093564,1.4398,0.86191,0.89944
3.05,1.848,1.1073,-0.014811,1.4237,0.85571,0.90013
3.05,1.8829,0.97448,-0.022947,1.4711,0.82474,0.83447
3.05,1.9135,0.76206,-0.028252,1.5728,0.7423,0.87911
3.05,1.9397,0.3759,-0.011976,1.4293,0.55045,0.62548
3.05,1.9613,0.00026159,-0.00082318,0.32278,0.13465,0.0033896
3.05,1.9781,-2.047e-05,-1.6547e-05,0.072996,0.050428,-0.00059287
3.05,1.9903,-3.5473e-05,1.213e-05,0.054812,0.018881,-0.00014598
3.05,1.9976,-2.2102e-05,4.8568e-06,0.042267,0.003141,-1.7639e-05
3.05,2,1.0319e-06,2.3582e-09,0.00070858,3.4985e-07,-3.9047e-11
3.1,0,2.6123e-15,-1.0469e-17,2.14e-13,8.0775e-16,6.9516e-30
3.1,0.0024359,-4.0101e-05,3.146e-06,0.034427,0.0020815,-1.8194e-05
3.1,0.0097319,-5.675e-05,1.8506e-05,0.047192,0.015091,-0.00018423
3.1,0.021852,-6.6044e-06,6.5232e-05,0.056371,0.041081,-0.0007829
3.1,0.038738,0.00023578,3.2039e-05,0.23104,0.090038,-0.0047311
3.1,0.060307,0.0013457,0.0012151,1.9778,0.2184,-0.023625
3.1,0.086455,0.70338,-0.063161,1.5725,0.79499,-0.67853
3.1,0.11705,0.94903,-0.034662,1.4904,0.82476,-0.8165
3.1,0.15195,1.0993,-0.01638,1.4429,0.85613,-0.77649
3.1,0.19098,1.201,-0.0059014,1.4354,0.87835,-0.89355
3.1,0.23396,1.2951,-0.0037723,1.4531,0.85933,-0.88163
3.1,0.28066,1.3734,-0.0083578,1.403,0.86515,-0.87979
3.1,0.33087,1.4392,-0.0083443,1.4078,0.82577,-0.80022
3.1,0.38434,1.5097,-0.0047407,1.3312,0.79304,-0.73834
3.1,0.44081,1.5782,-0.0054381,1.2674,0.77468,-0.64423
3.1,0.5,1.6449,-0.0080541,1.1874,0.7509,-0.62069
3.1,0.56163,1.6977,-0.0075862,1.1525,0.73564,-0.65597
3.1,0.62539,1.7573,-0.0060473,1.0557,0.69071,-0.55399
3.1,0.69098,1.8147,-0.0054412,0.93897,0.65249,-0.44456
3.1,0.75808,1.8636,-0.0079655,0.89862,0.62911,-0.34169
3.1,0.82635,1.9109,-0.0044329,0.78651,0.58772,-0.27091
3.1,0.89547,1.9424,-0.0011446,0.72174,0.55101,-0.18611
3.1,0.9651,1.9615,0.00056712,0.67288,0.5145,-0.023213
3.1,1.0349,1.9629,0.00055826,0.66552,0.51072,0.014212
3.1,1.1045,1.9452,-0.00099054,0.71568,0.54805,0.17396
3.1,1.1736,1.915,-0.0041446,0.77821,0.58413,0.26367
3.1,1.2419,1.8689,-0.00828,0.88706,0.62735,0.33319
3.1,1.309,1.8208,-0.0057708,0.93122,0.64816,0.42962
3.1,1.3746,1.7633,-0.0061382,1.0461,0.68707,0.5474
3.1,1.4384,1.7035,-0.0077026,1.1502,0.73394,0.64989
3.1,1.5,1.6514,-0.0085131,1.1822,0.74457,0.62002
3.1,1.5592,1.585,-0.0057873,1.2628,0.77408,0.64249
3.1,1.6157,1.517,-0.0051933,1.3276,0.78951,0.72569
3.1,1.6691,1.4468,-0.0088092,1.3948,0.82201,0.78867
3.1,1.7193,1.381,-0.0085489,1.3983,0.86139,0.87464
3.1,1.766,1.3035,-0.0048431,1.4526,0.85796,0.87675
3.1,1.809,1.2108,-0.0061666,1.4336,0.88056,0.90551
3.1,1.848,1.1114,-0.015439,1.4397,0.86352,0.77945
3.1,1.8829,0.96864,-0.032685,1.4787,0.82726,0.80211
3.1,1.9135,0.73595,-0.05955,1.5626,0.80438,0.71164
3.1,1.9397,-0.00052216,0.00037604,2.3145,0.27519,0.058428
3.1,1.9613,0.0002118,9.337e-05,0.30468,0.096027,0.0056256
3.1,1.9781,6.474e-06,0.00010459,0.058162,0.044577,0.00093762
3.1,1.9903,-4.3091e-05,3.9553e-05,0.047624,0.016994,0.00021456
3.1,1.9976,-3.1069e-05,8.3462e-06,0.037361,0.002818,2.7138e-05
3.1,2,7.8602e-06,1.5033e-09,0.00063193,3.1577e-07,5.0668e-11
3.15,0,2.6347e-15,-7.9577e-18,2.1392e-13,8.3056e-16,8.3751e-30
3.15,0.0024359,-4.4673e-05,3.3859e-06,0.035586,0.0016082,-1.2271e-05
3.15,0.0097319,-4.3449e-05,3.1176e-05,0.048387,0.011609,-0.00013584
3.15,0.021852,-8.0426e-05,0.00010262,0.05523,0.031091,-0.00046213
3.15,0.038738,-0.0002129,9.5081e-06,0.22819,0.067716,-0.0020814
3.15,0.060307,-0.00094308,-9.4964e-05,1.9545,0.21256,-0.0092649
3.15,0.086455,0.61274,-0.014389,2.3111,0.64101,-0.82734
3.15,0.11705,0.96377,-0.021848,1.5376,0.74689,-0.6343
3.15,0.15195,1.1077,-0.011186,1.4802,0.83422,-0.83904
3.15,0.19098,1.2006,-0.0047476,1.4603,0.87769,-0.94939
3.15,0.23396,1.2935,-0.001466,1.4295,0.87887,-0.94502
3.15,0.28066,1.3712,-0.0045392,1.3948,0.86324,-0.80628
3.15,0.33087,1.4397,-0.0085612,1.3939,0.84127,-0.74943
3.15,0.38434,1.5121,-0.0066774,1.3268,0.80083,-0.70878
3.15,0.44081,1.5832,-0.0025472,1.2706,0.77046,-0.67293
3.15,0.5,1.6453,-0.0026742,1.1967,0.76834,-0.61937
3.15,0.56163,1.7006,-0.009133,1.1522,0.73532,-0.63638
3.15,0.62539,1.7601,-0.0065816,1.0471,0.71111,-0.52696
3.15,0.69098,1.8136,-0.0049708,0.9642,0.64367,-0.45456
3.15,0.75808,1.8652,-0.0051396,0.87819,0.60861,-0.34981
3.15,0.82635,1.9129,-0.0030647,0.79363,0.6034,-0.26845
3.15,0.89547,1.9434,-0.00096733,0.72918,0.54278,-0.15632
3.15,0.9651,1.9626,-0.00052821,0.68002,0.52776,-0.039218
3.15,1.0349,1.9632,-0.00046746,0.67612,0.52829,0.031737
3.15,1.1045,1.9448,-0.0006817,0.72526,0.53752,0.14378
3.15,1.1736,1.9163,-0.0024173,0.78573,0.59794,0.25716
3.15,1.2419,1.8702,-0.0048033,0.87121,0.60874,0.34189
3.15,1.309,1.8187,-0.005167,0.95483,0.63769,0.45347
3.15,1.3746,1.7652,-0.0058657,1.0402,0.70636,0.51203
3.15,1.4384,1.7056,-0.008951,1.1447,0.7319,0.62843
3.15,1.5,1.6505,-0.0031016,1.1938,0.7658,0.62536
3.15,1.5592,1.5892,-0.0018704,1.258,0.774,0.66132
3.15,1.6157,1.5193,-0.0060265,1.318,0.7943,0.70054
3.15,1.6691,1.4462,-0.0081625,1.3872,0.83749,0.73192
3.15,1.7193,1.3779,-0.0052048,1.3942,0.86455,0.81889
3.15,1.766,1.3018,-0.0016059,1.4241,0.87442,0.92124
3.15,1.809,1.209,-0.0039502,1.4616,0.88185,0.96672
3.15,1.848,1.1173,-0.0097817,1.4831,0.83911,0.87165
3.15,1.8829,0.98085,-0.020949,1.5259,0.75225,0.65897
3.15,1.9135,0.67673,-0.015162,2.19,0.64565,0.73542
3.15,1.9397,0.027257,-0.0094074,2.1267,0.30383,0.20445
3.15,1.9613,-1.2154e-05,-0.00015848,0.30059,0.073332,0.0028768
3.15,1.9781,-7.8301e-05,4.8285e-05,0.056516,0.033701,0.00052751
3.15,1.9903,-5.0808e-05,1.1764e-05,0.048776,0.013092,0.00015551
3.15,1.9976,-5.0595e-05,-1.4106e-06,0.038625,0.0021841,1.8884e-05
3.15,2,3.7225e-06,-1.1308e-09,0.00065075,2.4215e-07,2.3335e-11
3.2,0,2.6116e-15,8.5153e-19,2.139e-13,8.2502e-16,-6.8468e-30
3.2,0.0024359,-2.0908e-05,1.7568e-06,0.044929,0.0023838,-5.2171e-05
3.2,0.0097319,2.6456e-06,1.9317e-05,0.062315,0.01751,-0.00054884
3.2,0.021852,-3.8441e-05,8.7642e-05,0.076447,0.052529,-0.0023142
3.2,0.038738,-0.00070321,7.1045e-05,0.31374,0.16838,-0.027353
3.2,0.060307,0.052369,-0.043773,1.8614,0.67958,-1.1131
3.2,0.086455,0.51772,0.006422,2.2504,0.83987,-1.2206
3.2,0.11705,0.94398,0.0032261,1.6415,0.7667,-0.81821
3.2,0.15195,1.102,0.0047348,1.4767,0.80881,-0.79807
3.2,0.19098,1.1951,0.0014946,1.4815,0.84434,-0.88791
3.2,0.23396,1.2891,0.0045119,1.4219,0.86204,-0.8204
3.2,0.28066,1.3687,-7.7084e-05,1.3901,0.8348,-0.78582
3.2,0.33087,1.4379,-0.0074131,1.3876,0.82688,-0.83939
3.2,0.38434,1.5128,-0.0073428,1.3331,0.78957,-0.76529
3.2,0.44081,1.5823,-0.0042766,1.2783,0.75622,-0.72026
3.2,0.5,1.6421,-0.0032943,1.2178,0.75772,-0.67447
3.2,0.56163,1.7007,-0.0056666,1.1415,0.72916,-0.56434
3.2,0.62539,1.7598,-0.0059146,1.0469,0.69828,-0.51261
3.2,0.69098,1.8135,-0.0048332,0.96934,0.66535,-0.44801
3.2,0.75808,1.8662,-0.0044108,0.87971,0.62549,-0.36663
3.2,0.82635,1.9139,-0.0038094,0.79123,0.5938,-0.2369
3.2,0.89547,1.9436,-6.7969e-05,0.72521,0.55586,-0.14933
3.2,0.9651,1.9622,0.0010167,0.69412,0.53002,-0.021678
3.2,1.0349,1.963,0.00083036,0.68864,0.5294,0.019128
3.2,1.1045,1.9457,0.00014542,0.72371,0.5514,0.14049
3.2,1.1736,1.9179,-0.003701,0.78008,0.59083,0.2271
3.2,1.2419,1.8709,-0.0044102,0.87232,0.6254,0.35779
3.2,1.309,1.8183,-0.0049378,0.96398,0.66112,0.43867
3.2,1.3746,1.7656,-0.0058586,1.0363,0.69696,0.51153
3.2,1.4384,1.7063,-0.0060232,1.1373,0.72602,0.56031
3.2,1.5,1.6481,-0.0033722,1.2137,0.75367,0.6648
3.2,1.5592,1.5885,-0.0038449,1.2685,0.75402,0.70319
3.2,1.6157,1.5202,-0.0067312,1.3307,0.78747,0.76998
3.2,1.6691,1.4451,-0.0080951,1.3869,0.82333,0.83826
3.2,1.7193,1.3761,-0.00060902,1.3922,0.83569,0.78057
3.2,1.766,1.2984,0.0043703,1.4196,0.86034,0.81071
3.2,1.809,1.2031,0.0017734,1.4796,0.84731,0.88019
3.2,1.848,1.1133,0.0044259,1.477,0.80941,0.7985
3.2,1.8829,0.96652,0.0028055,1.6042,0.76902,0.8044
3.2,1.9135,0.57171,0.0087504,2.2003,0.8387,1.2269
3.2,1.9397,0.093459,-0.040205,1.9496,0.7078,1.168
3.2,1.9613,-0.013609,-0.0028913,0.48683,0.22486,0.063312
3.2,1.9781,-2.7986e-05,9.7702e-05,0.079385,0.058059,0.0027069
3.2,1.9903,1.0913e-06,2.4469e-05,0.063025,0.019828,0.00063321
3.2,1.9976,-1.7021e-05,3.4554e-06,0.048821,0.0032359,7.747e-05
3.2,2,-5.7339e-06,-2.2986e-09,0.00081483,3.591e-07,1.3791e-10
3.25,0,2.6225e-15,-1.1491e-18,2.1365e-13,7.9086e-16,7.7989e-30
3.25,0.0024359,0.00013766,6.3107e-06,0.060375,0.0031931,-0.00012391
3.25,0.0097319,0.00020942,4.7835e-05,0.086772,0.0233,-0.0013377
3.25,0.021852,0.00055636,0.00023476,0.12528,0.069597,-0.0056974
3.25,0.038738,-0.03832,-0.033236,0.68413,0.41005,-0.28675
3.25,0.060307,0.19488,-0.022844,1.4632,0.87131,-1.1934
3.25,0.086455,0.55187,0.024347,1.9703,0.94442,-1.1876
3.25,0.11705,0.91094,0.015007,1.7267,0.83453,-1.0225
3.25,0.15195,1.0888,0.0094613,1.5138,0.82787,-0.86721
3.25,0.19098,1.1883,0.0045357,1.4602,0.84096,-0.8724
3.25,0.23396,1.2872,-2.6476e-05,1.4056,0.83093,-0.79704
3.25,0.28066,1.3681,0.00097201,1.3843,0.81959,-0.73754
3.25,0.33087,1.4367,-0.0036911,1.3804,0.81893,-0.84242
3.25,0.38434,1.509,-0.0067737,1.3462,0.79756,-0.79108
3.25,0.44081,1.5799,-0.0053718,1.2727,0.75291,-0.71116
3.25,0.5,1.6385,-0.0027234,1.2176,0.76712,-0.67525
3.25,0.56163,1.7002,-0.0044137,1.1477,0.71829,-0.53767
3.25,0.62539,1.7587,-0.0015546,1.0704,0.69186,-0.48912
3.25,0.69098,1.8155,0.00085928,0.94824,0.64909,-0.37959
3.25,0.75808,1.8675,0.00021318,0.87812,0.61902,-0.32608
3.25,0.82635,1.9137,0.00058648,0.78695,0.56685,-0.20362
3.25,0.89547,1.9442,0.0012783,0.71262,0.54317,-0.1164
3.25,0.9651,1.9623,0.0012443,0.68815,0.52162,-0.040327
3.25,1.0349,1.9629,0.0010384,0.69131,0.52361,0.033027
3.25,1.1045,1.9471,0.0013213,0.70666,0.5412,0.1072
3.25,1.1736,1.9177,0.00081757,0.77723,0.56278,0.19322
3.25,1.2419,1.8727,-3.9386e-05,0.86629,0.61525,0.30866
3.25,1.309,1.8213,0.0006971,0.93804,0.64904,0.37456
3.25,1.3746,1.7649,-0.0013732,1.0619,0.68947,0.4782
3.25,1.4384,1.7062,-0.0046264,1.1425,0.71504,0.52694
3.25,1.5,1.6449,-0.0032333,1.2057,0.76476,0.6709
3.25,1.5592,1.5856,-0.0049369,1.266,0.7519,0.70588
3.25,1.6157,1.5166,-0.0068796,1.34,0.79008,0.7843
3.25,1.6691,1.4436,-0.0039887,1.3757,0.81632,0.8431
3.25,1.7193,1.3755,0.0010776,1.3863,0.82168,0.74899
3.25,1.766,1.2963,-0.00038067,1.3955,0.82942,0.78198
3.25,1.809,1.1977,0.0037944,1.468,0.83901,0.86293
3.25,1.848,1.1004,0.008603,1.5024,0.83155,0.86117
3.25,1.8829,0.93473,0.013823,1.6861,0.83283,0.99165
3.25,1.9135,0.59049,0.024606,1.9749,0.93925,1.1998
3.25,1.9397,0.23108,-0.016615,1.5226,0.8819,1.2171
3.25,1.9613,-0.043752,-0.047773,0.80225,0.53423,0.4765
3.25,1.9781,0.00013536,4.5945e-05,0.13228,0.077366,0.0067185
3.25,1.9903,0.00019483,4.4349e-05,0.088571,0.026355,0.0015528
3.25,1.9976,0.00014357,7.0566e-06,0.065641,0.0043313,0.00018442
3.25,2,-7.3436e-06,8.0708e-11,0.0010941,4.8156e-07,3.1836e-10
3.3,0,2.6827e-15,2.0426e-18,2.1385e-13,8.0145e-16,9.2972e-30
3.3,0.0024359,-0.00021923,-2.7269e-05,0.066372,0.003508,-1.2969e-05
3.3,0.0097319,-0.00031813,-0.00020828,0.092135,0.025808,-0.00022609
3.3,0.021852,-0.00063754,-0.00062766,0.11532,0.074169,-0.002272
3.3,0.038738,-0.0027169,-0.0018023,0.35214,0.19659,-0.039942
3.3,0.060307,0.26624,-0.021999,1.3026,0.9083,-1.0525
3.3,0.086455,0.58187,0.026083,1.8454,0.98635,-1.2282
3.3,0.11705,0.8868,0.020109,1.7454,0.87847,-1.0995
3.3,0.15195,1.0788,0.0078493,1.5521,0.81579,-0.8691
3.3,0.19098,1.1907,0.0028978,1.4627,0.83016,-0.83227
3.3,0.23396,1.2825,-0.0016975,1.4405,0.84503,-0.77755
3.3,0.28066,1.3658,-0.004345,1.3961,0.83523,-0.79329
3.3,0.33087,1.4348,-0.0030124,1.3987,0.83083,-0.85066
3.3,0.38434,1.5106,-0.0050934,1.3363,0.83206,-0.7837
3.3,0.44081,1.5798,-0.0056325,1.275,0.78203,-0.74849
3.3,0.5,1.6389,-0.0016536,1.2116,0.7545,-0.63946
3.3,0.56163,1.6999,-0.00061568,1.1462,0.72377,-0.55209
3.3,0.62539,1.7601,0.0024262,1.0461,0.69093,-0.4286
3.3,0.69098,1.8183,0.0034367,0.96071,0.65608,-0.36976
3.3,0.75808,1.8688,0.0034872,0.86735,0.59981,-0.3184
3.3,0.82635,1.914,0.0001762,0.76954,0.56899,-0.21015
3.3,0.89547,1.9426,-0.00072566,0.70003,0.54773,-0.11495
3.3,0.9651,1.9625,-0.0010339,0.66535,0.51666,-0.051397
3.3,1.0349,1.9627,-0.00075114,0.66679,0.51236,0.038912
3.3,1.1045,1.9455,-0.00095598,0.69683,0.5451,0.10683
3.3,1.1736,1.918,0.00018756,0.76216,0.5675,0.20072
3.3,1.2419,1.8732,0.0028575,0.86222,0.59524,0.31071
3.3,1.309,1.8237,0.0038563,0.95257,0.64935,0.36753
3.3,1.3746,1.7661,0.0029948,1.0369,0.68877,0.41567
3.3,1.4384,1.7057,-0.00068797,1.1409,0.72046,0.54652
3.3,1.5,1.6449,-0.001192,1.2037,0.75138,0.63768
3.3,1.5592,1.5864,-0.0057536,1.2664,0.77813,0.74443
3.3,1.6157,1.5177,-0.0047254,1.33,0.82635,0.77938
3.3,1.6691,1.4424,-0.0033533,1.3953,0.83268,0.83507
3.3,1.7193,1.3731,-0.0043887,1.4002,0.83256,0.80465
3.3,1.766,1.2917,-0.002407,1.432,0.84382,0.76437
3.3,1.809,1.2006,0.0022994,1.4603,0.83491,0.83993
3.3,1.848,1.092,0.0070446,1.5363,0.81445,0.86717
3.3,1.8829,0.91138,0.018682,1.72,0.86689,1.0727
3.3,1.9135,0.61496,0.027964,1.862,0.98027,1.1915
3.3,1.9397,0.30029,-0.015023,1.3473,0.92931,1.1236
3.3,1.9613,-0.0043173,0.0010456,0.49378,0.23896,0.04754
3.3,1.9781,-0.00063219,-0.00063145,0.12044,0.08207,0.0029344
3.3,1.9903,-0.00034065,-0.00022119,0.093378,0.029205,0.00027598
3.3,1.9976,-0.00023589,-3.3291e-05,0.072062,0.0047765,1.9534e-05
3.3,2,-1.1879e-05,-2.5778e-09,0.0012114,5.1933e-07,2.9869e-11
3.35,0,2.6756e-15,1.3112e-19,2.1397e-13,7.8605e-16,4.2638e-30
3.35,0.0024359,-0.00013832,-3.4999e-06,0.044363,0.0047668,1.4191e-05
3.35,0.0097319,-0.00020041,-3.5468e-05,0.06052,0.035527,3.0748e-06
3.35,0.021852,-0.00033377,-0.00014642,0.082914,0.11338,-0.0056664
3.35,0.038738,0.016538,0.019688,0.61189,0.47798,-0.10576
3.35,0.060307,0.28483,-0.045398,1.3316,0.76933,-0.91418
3.35,0.086455,0.62044,-0.0055787,1.6748,0.97808,-1.4124
3.35,0.11705,0.87772,0.008639,1.7354,0.90676,-1.2105
3.35,0.15195,1.067,-0.0037022,1.5638,0.84652,-0.93897
3.35,0.19098,1.191,-0.00079295,1.4709,0.84818,-0.85596
3.35,0.23396,1.28,-0.0023888,1.4484,0.85266,-0.76513
3.35,0.28066,1.3654,-0.0059574,1.3981,0.85537,-0.81102
3.35,0.33087,1.4396,-0.0087517,1.3871,0.83476,-0.8495
3.35,0.38434,1.5137,-0.0053238,1.3351,0.81393,-0.75545
3.35,0.44081,1.5777,-0.005009,1.2892,0.79769,-0.75123
3.35,0.5,1.6435,-0.0057088,1.2027,0.79463,-0.66679
3.35,0.56163,1.7017,-0.0024712,1.1242,0.74667,-0.552
3.35,0.62539,1.7638,0.0031139,1.045,0.6804,-0.44692
3.35,0.69098,1.822,0.0047115,0.96789,0.63779,-0.3451
3.35,0.75808,1.8714,0.0056906,0.87814,0.59759,-0.29526
3.35,0.82635,1.9141,0.0020883,0.76677,0.56487,-0.18698
3.35,0.89547,1.9435,-0.00034744,0.69309,0.54122,-0.12475
3.35,0.9651,1.9614,-0.00088134,0.65556,0.50386,-0.035156
3.35,1.0349,1.9625,-0.00079373,0.65255,0.50361,0.02629
3.35,1.1045,1.946,-0.00050739,0.69016,0.53802,0.11454
3.35,1.1736,1.9183,0.001658,0.75818,0.56213,0.17908
3.35,1.2419,1.8757,0.0053378,0.86968,0.59512,0.28566
3.35,1.309,1.828,0.0049831,0.96212,0.63514,0.34666
3.35,1.3746,1.7699,0.0027754,1.0349,0.67527,0.43577
3.35,1.4384,1.7076,-0.0017255,1.1172,0.7383,0.53742
3.35,1.5,1.6501,-0.0054981,1.2006,0.79014,0.65733
3.35,1.5592,1.5843,-0.0051838,1.2796,0.79717,0.73848
3.35,1.6157,1.5204,-0.0051642,1.3337,0.8129,0.7479
3.35,1.6691,1.4474,-0.0089115,1.381,0.83248,0.84253
3.35,1.7193,1.374,-0.0065417,1.3961,0.85218,0.81331
3.35,1.766,1.2894,-0.002606,1.4497,0.8542,0.75693
3.35,1.809,1.2009,-0.00059648,1.4655,0.84739,0.85557
3.35,1.848,1.0811,-0.0043831,1.5587,0.84918,0.93265
3.35,1.8829,0.90148,0.007706,1.715,0.90176,1.1755
3.35,1.9135,0.64842,-0.0019965,1.7073,0.97642,1.3916
3.35,1.9397,0.32479,-0.04522,1.3277,0.82751,1.042
3.35,1.9613,0.024315,0.022702,0.70365,0.49431,0.14324
3.35,1.9781,-0.00032717,-0.00010285,0.093937,0.12682,0.0082576
3.35,1.9903,-0.00020091,-2.1828e-05,0.060972,0.040417,4.1754e-05
3.35,1.9976,-0.00014954,-3.3305e-07,0.048173,0.0064811,-2.0217e-05
3.35,2,4.4141e-07,4.7087e-09,0.00080353,7.1533e-07,-4.5157e-11
3.4,0,2.5957e-15,-2.0319e-18,2.1391e-13,7.9862e-16,-6.8003e-30
3.4,0.0024359,-0.00016346,7.3428e-07,0.04192,0.0019815,-6.7757e-06
3.4,0.0097319,-0.00023836,2.9884e-06,0.056871,0.01432,-6.4222e-05
3.4,0.021852,-0.00021441,3.0021e-05,0.062824,0.039161,-9.8849e-05
3.4,0.038738,-0.00021985,-2.744e-05,0.23018,0.095938,0.0013257
3.4,0.060307,0.046529,0.009709,1.9014,0.49922,-0.1274
3.4,0.086455,0.67,-0.030988,1.5703,0.91565,-1.2054
3.4,0.11705,0.89154,-0.00089015,1.6736,0.88098,-1.1931
3.4,0.15195,1.0735,-0.0009435,1.5671,0.84758,-0.95825
3.4,0.19098,1.1934,-0.0060138,1.4704,0.84667,-0.87948
3.4,0.23396,1.281,-0.0033893,1.4549,0.86297,-0.90797
3.4,0.28066,1.3642,-0.0066512,1.4156,0.88219,-0.91852
3.4,0.33087,1.4435,-0.0052976,1.3835,0.85991,-0.82949
3.4,0.38434,1.5139,-0.0019399,1.3443,0.8355,-0.75615
3.4,0.44081,1.5773,-0.0039863,1.2822,0.79974,-0.72842
3.4,0.5,1.6469,-0.0012025,1.1956,0.78216,-0.66744
3.4,0.56163,1.7077,-0.00023706,1.1078,0.73981,-0.53659
3.4,0.62539,1.7655,0.0023305,1.0508,0.67651,-0.43549
3.4,0.69098,1.8211,0.0010446,0.97591,0.63683,-0.39796
3.4,0.75808,1.8731,0.0032754,0.8752,0.58844,-0.2956
3.4,0.82635,1.9139,0.0048507,0.77021,0.5464,-0.16519
3.4,0.89547,1.9449,0.0019448,0.70082,0.50487,-0.088293
3.4,0.9651,1.9621,0.00083255,0.65744,0.49785,-0.032837
3.4,1.0349,1.9637,0.0007538,0.65573,0.49783,0.026194
3.4,1.1045,1.9481,0.0016288,0.69466,0.5037,0.083701
3.4,1.1736,1.9182,0.0046126,0.76523,0.54166,0.15283
3.4,1.2419,1.8779,0.0037471,0.86343,0.58479,0.28033
3.4,1.309,1.8273,0.0010591,0.96393,0.63402,0.3841
3.4,1.3746,1.7719,0.0026422,1.0397,0.66984,0.42439
3.4,1.4384,1.7136,-4.2827e-05,1.1011,0.73231,0.52453
3.4,1.5,1.6537,-0.0014369,1.1889,0.7818,0.66314
3.4,1.5592,1.5842,-0.0041043,1.2742,0.79802,0.71512
3.4,1.6157,1.5201,-0.0021498,1.3383,0.8317,0.76098
3.4,1.6691,1.4509,-0.0048934,1.3791,0.85916,0.8173
3.4,1.7193,1.3726,-0.0065834,1.4101,0.88113,0.90493
3.4,1.766,1.29,-0.0042964,1.4498,0.86622,0.91445
3.4,1.809,1.2022,-0.0058253,1.4671,0.84664,0.88672
3.4,1.848,1.088,-0.0013056,1.5449,0.84721,0.9264
3.4,1.8829,0.91148,-0.00049395,1.6805,0.8754,1.1824
3.4,1.9135,0.69522,-0.025205,1.5765,0.93467,1.2103
3.4,1.9397,0.12822,-0.010216,1.8885,0.52313,0.63551
3.4,1.9613,-0.00032341,-0.00010339,0.30407,0.10706,-0.001574
3.4,1.9781,-0.00025532,-2.905e-05,0.064062,0.042624,0.00010119
3.4,1.9903,-0.000251,-1.3092e-05,0.057247,0.016141,7.1469e-05
3.4,1.9976,-0.00018683,-3.0567e-06,0.045522,0.0026869,1.0397e-05
3.4,2,6.5608e-06,-2.6665e-10,0.00076312,2.9948e-07,1.3542e-11
3.45,0,2.5307e-15,-2.7267e-18,2.1394e-13,8.1786e-16,-6.6548e-30
3.45,0.0024359,-0.00018976,2.5877e-05,0.035976,0.0027934,3.3904e-05
3.45,0.0097319,-0.00025674,0.00021054,0.048374,0.021065,0.00037135
3.45,0.021852,-0.00030833,0.00084302,0.052497,0.076982,0.0025178
3.45,0.038738,-0.039877,-0.0032114,0.55785,0.22503,-0.022955
3.45,0.060307,0.10245,-0.0043935,1.5051,0.53294,-0.26169
3.45,0.086455,0.68335,0.0080592,1.6595,0.79128,-1.0065
3.45,0.11705,0.90154,0.0037981,1.6312,0.89926,-1.0834
3.45,0.15195,1.0758,0.0040047,1.5388,0.8268,-0.91152
3.45,0.19098,1.1984,-0.0022252,1.4859,0.85293,-0.87368
3.45,0.23396,1.2851,-0.0029166,1.4509,0.84311,-0.88725
3.45,0.28066,1.3713,-0.002869,1.4158,0.81528,-0.89157
3.45,0.33087,1.4464,-0.0029797,1.4163,0.82147,-0.83647
3.45,0.38434,1.5138,-0.00051049,1.3362,0.81141,-0.76014
3.45,0.44081,1.577,0.0040293,1.2637,0.77357,-0.63294
3.45,0.5,1.6486,0.0039519,1.203,0.7438,-0.61403
3.45,0.56163,1.708,0.00064379,1.1235,0.70616,-0.53067
3.45,0.62539,1.7664,-0.00067961,1.0624,0.67276,-0.46365
3.45,0.69098,1.8205,-0.0014519,0.96921,0.64037,-0.39585
3.45,0.75808,1.8729,0.00020266,0.88804,0.59184,-0.27849
3.45,0.82635,1.9163,0.0025542,0.76059,0.53427,-0.18183
3.45,0.89547,1.9461,0.0030521,0.707,0.49571,-0.10149
3.45,0.9651,1.9628,0.0014187,0.6678,0.49707,-0.032998
3.45,1.0349,1.9633,0.001401,0.66329,0.49613,0.027868
3.45,1.1045,1.9481,0.0029467,0.70292,0.49489,0.096355
3.45,1.1736,1.9191,0.0027115,0.75448,0.52984,0.17585
3.45,1.2419,1.8768,0.00064611,0.88213,0.58476,0.26724
3.45,1.309,1.8259,-0.001265,0.9559,0.63641,0.38209
3.45,1.3746,1.7714,-0.0010408,1.0564,0.67028,0.45651
3.45,1.4384,1.7132,0.00030359,1.1132,0.70158,0.52487
3.45,1.5,1.6543,0.0037469,1.1906,0.74003,0.60733
3.45,1.5592,1.5838,0.0045604,1.2629,0.77255,0.63365
3.45,1.6157,1.5199,-0.00024556,1.3261,0.80505,0.75208
3.45,1.6691,1.4526,-0.0026578,1.4128,0.82363,0.83235
3.45,1.7193,1.3788,-0.0030967,1.4103,0.81407,0.88642
3.45,1.766,1.2932,-0.0029408,1.4492,0.84219,0.89877
3.45,1.809,1.2086,-0.0020839,1.4766,0.85193,0.86513
3.45,1.848,1.0895,0.0035549,1.5321,0.8292,0.91818
3.45,1.8829,0.92013,0.0041371,1.6293,0.89761,1.0743
3.45,1.9135,0.71289,0.006452,1.6348,0.8114,1.0239
3.45,1.9397,0.15708,0.0025766,1.5413,0.56322,0.3211
3.45,1.9613,-0.046804,-0.0045418,0.66411,0.24947,0.041909
3.45,1.9781,-0.00031266,0.00097621,0.056908,0.088734,-0.0031699
3.45,1.9903,-0.00026489,0.00024522,0.04861,0.024046,-0.00044284
3.45,1.9976,-0.0002144,3.6586e-05,0.03904,0.0037969,-4.9675e-05
3.45,2,-4.5159e-06,6.4414e-10,0.00065667,4.1904e-07,-9.9849e-11
3.5,0,2.5104e-15,5.0006e-18,2.1375e-13,8.1576e-16,-1.9726e-29
3.5,0.0024359,0.00018099,1.7141e-05,0.033791,0.0021609,-1.8118e-07
3.5,0.0097319,0.00024524,0.00010937,0.046368,0.015686,5.6386e-06
3.5,0.021852,0.00031252,0.00032207,0.055395,0.045601,3.1988e-05
3.5,0.038738,0.0006856,0.00067917,0.2302,0.138,-0.00051431
3.5,0.060307,0.085196,-0.03328,1.774,0.48057,-0.92667
3.5,0.086455,0.6678,-0.038422,1.5823,0.86602,-1.2696
3.5,0.11705,0.91652,-0.0094289,1.5688,0.90971,-1.1437
3.5,0.15195,1.0774,0.00027759,1.5777,0.84698,-1.0348
3.5,0.19098,1.1996,0.0032243,1.4674,0.86213,-0.90706
3.5,0.23396,1.2934,0.00079137,1.4333,0.8724,-0.92738
3.5,0.28066,1.3735,-0.00064933,1.428,0.86234,-0.87007
3.5,0.33087,1.4479,-0.0020581,1.3812,0.81214,-0.79325
3.5,0.38434,1.5165,0.001047,1.3226,0.80066,-0.73219
3.5,0.44081,1.5822,0.0076143,1.2531,0.76421,-0.6639
3.5,0.5,1.6478,0.0061494,1.1894,0.74382,-0.58533
3.5,0.56163,1.7054,0.0035398,1.1205,0.69967,-0.5264
3.5,0.62539,1.7618,-0.0020896,1.042,0.67144,-0.45241
3.5,0.69098,1.8201,-0.0037796,0.96921,0.65701,-0.38859
3.5,0.75808,1.8715,-0.0024935,0.88288,0.59194,-0.2796
3.5,0.82635,1.9166,0.0016473,0.76616,0.5539,-0.19413
3.5,0.89547,1.9471,0.0034727,0.70075,0.51148,-0.12244
3.5,0.9651,1.9628,0.0024321,0.66447,0.50152,-0.052819
3.5,1.0349,1.9639,0.0020883,0.66026,0.50152,0.044527
3.5,1.1045,1.9493,0.0034261,0.69555,0.5089,0.11571
3.5,1.1736,1.9208,0.0019138,0.75696,0.54868,0.18658
3.5,1.2419,1.8758,-0.0018438,0.8738,0.58402,0.26646
3.5,1.309,1.8264,-0.0038032,0.95929,0.6526,0.37257
3.5,1.3746,1.7671,-0.0023853,1.0341,0.66747,0.44615
3.5,1.4384,1.7112,0.0029764,1.1125,0.6946,0.51394
3.5,1.5,1.6535,0.005774,1.1837,0.73776,0.58447
3.5,1.5592,1.5892,0.0084371,1.2467,0.75798,0.64878
3.5,1.6157,1.5232,0.0018273,1.3099,0.79692,0.72603
3.5,1.6691,1.4544,-0.0017568,1.3787,0.80776,0.78703
3.5,1.7193,1.3803,-0.001115,1.4289,0.86115,0.87661
3.5,1.766,1.3027,5.69e-05,1.4317,0.87249,0.93522
3.5,1.809,1.2101,0.0031776,1.4613,0.86355,0.90305
3.5,1.848,1.091,0.00092828,1.5736,0.84216,1.0317
3.5,1.8829,0.93525,-0.0081572,1.5753,0.90627,1.1319
3.5,1.9135,0.70148,-0.033899,1.5893,0.8734,1.224
3.5,1.9397,0.15763,-0.056273,1.7407,0.62996,1.4261
3.5,1.9613,0.00081746,0.00071567,0.30329,0.1578,0.0015176
3.5,1.9781,0.00032906,0.00032264,0.057158,0.050326,-2.7667e-05
3.5,1.9903,0.00025266,0.00011654,0.04682,0.017743,-6.6029e-06
3.5,1.9976,0.00019544,2.1246e-05,0.036684,0.0029315,3.5213e-07
3.5,2,7.0073e-06,5.8019e-09,0.00061478,3.2935e-07,1.1041e-13
3.55,0,2.5611e-15,-1.8118e-18,2.1418e-13,7.7193e-16,-1.6014e-29
3.55,0.0024359,0.00011851,-1.0071e-05,0.034071,0.0016036,-8.0913e-06
3.55,0.0097319,0.0001307,-6.6786e-05,0.04618,0.01163,-8.6667e-05
3.55,0.021852,0.00014285,-0.00018334,0.051718,0.032839,-0.00016899
3.55,0.038738,0.00015933,-0.00062201,0.2226,0.093443,-0.00096179
3.55,0.060307,0.14927,0.016434,1.4584,0.4933,-0.27227
3.55,0.086455,0.73676,0.0046393,1.5133,0.72836,-0.74645
3.55,0.11705,0.9371,-0.00092905,1.5346,0.88379,-1.075
3.55,0.15195,1.0814,-0.0083446,1.5617,0.90033,-1.0592
3.55,0.19098,1.2017,-0.0031168,1.4718,0.84809,-0.88019
3.55,0.23396,1.2972,0.0053329,1.4398,0.83907,-0.89856
3.55,0.28066,1.3757,0.0019415,1.4275,0.83944,-0.87852
3.55,0.33087,1.4484,0.00026142,1.3766,0.81437,-0.79487
3.55,0.38434,1.5173,0.0014423,1.3284,0.81656,-0.75772
3.55,0.44081,1.5823,0.0044792,1.2683,0.7803,-0.71146
3.55,0.5,1.6472,0.0051038,1.2014,0.74043,-0.60892
3.55,0.56163,1.7049,0.00394,1.1044,0.71208,-0.5179
3.55,0.62539,1.7603,0.0018765,1.0322,0.68321,-0.42503
3.55,0.69098,1.8178,0.00038237,0.96193,0.65039,-0.40326
3.55,0.75808,1.8732,-0.0027318,0.87238,0.59121,-0.28494
3.55,0.82635,1.9151,0.0013009,0.77381,0.56175,-0.21474
3.55,0.89547,1.9479,0.0017939,0.69177,0.53413,-0.15514
3.55,0.9651,1.9633,0.000473,0.65655,0.51876,-0.063912
3.55,1.0349,1.9631,0.00042921,0.65779,0.51694,0.049657
3.55,1.1045,1.9494,0.0016941,0.68715,0.53229,0.14964
3.55,1.1736,1.9189,0.0015783,0.76155,0.5591,0.20802
3.55,1.2419,1.8772,-0.0027263,0.86795,0.58463,0.27942
3.55,1.309,1.8236,5.3222e-05,0.95322,0.6467,0.39609
3.55,1.3746,1.7654,0.0018596,1.0249,0.67878,0.42123
3.55,1.4384,1.7102,0.0039687,1.0955,0.70875,0.50633
3.55,1.5,1.6528,0.0050194,1.1967,0.7386,0.60052
3.55,1.5592,1.5887,0.004872,1.2571,0.77623,0.69884
3.55,1.6157,1.5234,0.0016819,1.3226,0.81362,0.76265
3.55,1.6691,1.4556,0.00022779,1.3741,0.81439,0.78051
3.55,1.7193,1.3823,0.0013479,1.4219,0.84341,0.87439
3.55,1.766,1.306,0.0056078,1.4399,0.83865,0.90397
3.55,1.809,1.2113,-0.0018673,1.461,0.84885,0.89182
3.55,1.848,1.0952,-0.0084605,1.5552,0.89793,1.0371
3.55,1.8829,0.95263,-0.00091745,1.5398,0.88754,1.0945
3.55,1.9135,0.76388,0.0013092,1.5007,0.75722,0.78641
3.55,1.9397,0.2222,0.024621,1.5133,0.54044,0.35402
3.55,1.9613,9.0514e-05,-0.00058391,0.29694,0.10725,0.0011965
3.55,1.9781,0.00012336,-0.00020487,0.05276,0.036024,0.00017297
3.55,1.9903,0.00011506,-7.4468e-05,0.046507,0.013127,9.6888e-05
3.55,1.9976,0.00011331,-1.2871e-05,0.036972,0.0021752,1.25e-05
3.55,2,7.0075e-06,-4.8519e-09,0.00062329,2.4369e-07,1.2843e-11
